aggregator,attack,round,num_honest,num_attackers,dim,byzantine_fraction,clip_radius,seed,distance_from_true_value,asr
fedavg,persistent_sybil,0,9,1,3,0.2,1.0,1,8.50353,0.100194186
fedavg,persistent_sybil,1,9,1,3,0.2,1.0,1,8.4246435,0.099264696
fedavg,persistent_sybil,2,9,1,3,0.2,1.0,1,8.574983,0.101036094
fedavg,persistent_sybil,3,9,1,3,0.2,1.0,1,8.600955,0.10134211
fedavg,persistent_sybil,4,9,1,3,0.2,1.0,1,8.512517,0.10030008
fedavg,persistent_sybil,5,9,1,3,0.2,1.0,1,8.622744,0.101598844
fedavg,persistent_sybil,6,9,1,3,0.2,1.0,1,8.414796,0.09914867
fedavg,persistent_sybil,7,9,1,3,0.2,1.0,1,8.407121,0.09905823
fedavg,persistent_sybil,8,9,1,3,0.2,1.0,1,8.606114,0.10140291
fedavg,persistent_sybil,9,9,1,3,0.2,1.0,1,8.380522,0.098744825
fedavg,persistent_sybil,10,9,1,3,0.2,1.0,1,8.6906185,0.10239859
fedavg,persistent_sybil,11,9,1,3,0.2,1.0,1,8.44657,0.09952305
fedavg,persistent_sybil,12,9,1,3,0.2,1.0,1,8.461575,0.09969984
fedavg,persistent_sybil,13,9,1,3,0.2,1.0,1,8.5852,0.10115648
fedavg,persistent_sybil,14,9,1,3,0.2,1.0,1,8.689226,0.10238218
fedavg,persistent_sybil,15,9,1,3,0.2,1.0,1,8.448624,0.099547245
fedavg,persistent_sybil,16,9,1,3,0.2,1.0,1,8.491713,0.10005495
fedavg,persistent_sybil,17,9,1,3,0.2,1.0,1,8.504127,0.10020122
fedavg,persistent_sybil,18,9,1,3,0.2,1.0,1,8.562549,0.100889586
fedavg,persistent_sybil,19,9,1,3,0.2,1.0,1,8.463579,0.09972346
fedavg,persistent_sybil,0,9,1,3,0.2,1.0,1001,8.416716,0.09917129
fedavg,persistent_sybil,1,9,1,3,0.2,1.0,1001,8.579553,0.10108994
fedavg,persistent_sybil,2,9,1,3,0.2,1.0,1001,8.466865,0.09976217
fedavg,persistent_sybil,3,9,1,3,0.2,1.0,1001,8.5256405,0.10045471
fedavg,persistent_sybil,4,9,1,3,0.2,1.0,1001,8.348329,0.0983655
fedavg,persistent_sybil,5,9,1,3,0.2,1.0,1001,8.554733,0.1007975
fedavg,persistent_sybil,6,9,1,3,0.2,1.0,1001,8.477101,0.09988279
fedavg,persistent_sybil,7,9,1,3,0.2,1.0,1001,8.358356,0.09848366
fedavg,persistent_sybil,8,9,1,3,0.2,1.0,1001,8.639767,0.10179942
fedavg,persistent_sybil,9,9,1,3,0.2,1.0,1001,8.614669,0.1015037
fedavg,persistent_sybil,10,9,1,3,0.2,1.0,1001,8.446147,0.09951806
fedavg,persistent_sybil,11,9,1,3,0.2,1.0,1001,8.556397,0.10081711
fedavg,persistent_sybil,12,9,1,3,0.2,1.0,1001,8.545279,0.100686096
fedavg,persistent_sybil,13,9,1,3,0.2,1.0,1001,8.663114,0.10207451
fedavg,persistent_sybil,14,9,1,3,0.2,1.0,1001,8.55692,0.10082327
fedavg,persistent_sybil,15,9,1,3,0.2,1.0,1001,8.42111,0.09922306
fedavg,persistent_sybil,16,9,1,3,0.2,1.0,1001,8.337696,0.09824023
fedavg,persistent_sybil,17,9,1,3,0.2,1.0,1001,8.490872,0.10004505
fedavg,persistent_sybil,18,9,1,3,0.2,1.0,1001,8.532376,0.100534074
fedavg,persistent_sybil,19,9,1,3,0.2,1.0,1001,8.487959,0.10001072
fedavg,persistent_sybil,0,9,1,3,0.2,1.0,2001,8.529858,0.1005044
fedavg,persistent_sybil,1,9,1,3,0.2,1.0,2001,8.315652,0.097980484
fedavg,persistent_sybil,2,9,1,3,0.2,1.0,2001,8.318751,0.09801701
fedavg,persistent_sybil,3,9,1,3,0.2,1.0,2001,8.3974495,0.09894428
fedavg,persistent_sybil,4,9,1,3,0.2,1.0,2001,8.6325245,0.10171409
fedavg,persistent_sybil,5,9,1,3,0.2,1.0,2001,8.428716,0.09931268
fedavg,persistent_sybil,6,9,1,3,0.2,1.0,2001,8.460149,0.09968305
fedavg,persistent_sybil,7,9,1,3,0.2,1.0,2001,8.485865,0.09998605
fedavg,persistent_sybil,8,9,1,3,0.2,1.0,2001,8.590753,0.101221904
fedavg,persistent_sybil,9,9,1,3,0.2,1.0,2001,8.61867,0.10155085
fedavg,persistent_sybil,10,9,1,3,0.2,1.0,2001,8.431547,0.09934604
fedavg,persistent_sybil,11,9,1,3,0.2,1.0,2001,8.465362,0.09974446
fedavg,persistent_sybil,12,9,1,3,0.2,1.0,2001,8.594376,0.10126459
fedavg,persistent_sybil,13,9,1,3,0.2,1.0,2001,8.673667,0.102198854
fedavg,persistent_sybil,14,9,1,3,0.2,1.0,2001,8.356325,0.09845972
fedavg,persistent_sybil,15,9,1,3,0.2,1.0,2001,8.52276,0.10042077
fedavg,persistent_sybil,16,9,1,3,0.2,1.0,2001,8.405448,0.09903852
fedavg,persistent_sybil,17,9,1,3,0.2,1.0,2001,8.621149,0.10158005
fedavg,persistent_sybil,18,9,1,3,0.2,1.0,2001,8.533371,0.100545794
fedavg,persistent_sybil,19,9,1,3,0.2,1.0,2001,8.658656,0.102021985
fedavg,persistent_sybil,0,9,1,3,0.2,1.0,3001,8.542523,0.10065363
fedavg,persistent_sybil,1,9,1,3,0.2,1.0,3001,8.4291725,0.09931806
fedavg,persistent_sybil,2,9,1,3,0.2,1.0,3001,8.64197,0.10182538
fedavg,persistent_sybil,3,9,1,3,0.2,1.0,3001,8.407949,0.09906799
fedavg,persistent_sybil,4,9,1,3,0.2,1.0,3001,8.461591,0.09970003
fedavg,persistent_sybil,5,9,1,3,0.2,1.0,3001,8.449982,0.09956325
fedavg,persistent_sybil,6,9,1,3,0.2,1.0,3001,8.416168,0.099164836
fedavg,persistent_sybil,7,9,1,3,0.2,1.0,3001,8.388801,0.098842375
fedavg,persistent_sybil,8,9,1,3,0.2,1.0,3001,8.448019,0.09954012
fedavg,persistent_sybil,9,9,1,3,0.2,1.0,3001,8.605938,0.10140083
fedavg,persistent_sybil,10,9,1,3,0.2,1.0,3001,8.60386,0.10137634
fedavg,persistent_sybil,11,9,1,3,0.2,1.0,3001,8.350465,0.098390676
fedavg,persistent_sybil,12,9,1,3,0.2,1.0,3001,8.611935,0.10147148
fedavg,persistent_sybil,13,9,1,3,0.2,1.0,3001,8.428389,0.099308826
fedavg,persistent_sybil,14,9,1,3,0.2,1.0,3001,8.451771,0.099584326
fedavg,persistent_sybil,15,9,1,3,0.2,1.0,3001,8.410996,0.0991039
fedavg,persistent_sybil,16,9,1,3,0.2,1.0,3001,8.53945,0.100617416
fedavg,persistent_sybil,17,9,1,3,0.2,1.0,3001,8.739813,0.10297823
fedavg,persistent_sybil,18,9,1,3,0.2,1.0,3001,8.478769,0.09990244
fedavg,persistent_sybil,19,9,1,3,0.2,1.0,3001,8.61232,0.10147602
fedavg,persistent_sybil,0,9,1,3,0.2,1.0,4001,8.439473,0.09943943
fedavg,persistent_sybil,1,9,1,3,0.2,1.0,4001,8.502554,0.10018269
fedavg,persistent_sybil,2,9,1,3,0.2,1.0,4001,8.471152,0.099812694
fedavg,persistent_sybil,3,9,1,3,0.2,1.0,4001,8.497339,0.100121245
fedavg,persistent_sybil,4,9,1,3,0.2,1.0,4001,8.520823,0.10039794
fedavg,persistent_sybil,5,9,1,3,0.2,1.0,4001,8.595149,0.10127371
fedavg,persistent_sybil,6,9,1,3,0.2,1.0,4001,8.47863,0.099900804
fedavg,persistent_sybil,7,9,1,3,0.2,1.0,4001,8.540979,0.10063544
fedavg,persistent_sybil,8,9,1,3,0.2,1.0,4001,8.558237,0.10083878
fedavg,persistent_sybil,9,9,1,3,0.2,1.0,4001,8.529873,0.10050458
fedavg,persistent_sybil,10,9,1,3,0.2,1.0,4001,8.46923,0.09979004
fedavg,persistent_sybil,11,9,1,3,0.2,1.0,4001,8.461453,0.09969842
fedavg,persistent_sybil,12,9,1,3,0.2,1.0,4001,8.551932,0.1007645
fedavg,persistent_sybil,13,9,1,3,0.2,1.0,4001,8.614765,0.10150483
fedavg,persistent_sybil,14,9,1,3,0.2,1.0,4001,8.440022,0.0994459
fedavg,persistent_sybil,15,9,1,3,0.2,1.0,4001,8.428215,0.09930678
fedavg,persistent_sybil,16,9,1,3,0.2,1.0,4001,8.400697,0.09898254
fedavg,persistent_sybil,17,9,1,3,0.2,1.0,4001,8.4311075,0.099340856
fedavg,persistent_sybil,18,9,1,3,0.2,1.0,4001,8.550945,0.10075287
fedavg,persistent_sybil,19,9,1,3,0.2,1.0,4001,8.484703,0.09997236
dss_fedavg,persistent_sybil,0,9,1,3,0.2,1.0,1,8.50353,0.100194186
dss_fedavg,persistent_sybil,1,9,1,3,0.2,1.0,1,8.4246435,0.099264696
dss_fedavg,persistent_sybil,2,9,1,3,0.2,1.0,1,8.574983,0.101036094
dss_fedavg,persistent_sybil,3,9,1,3,0.2,1.0,1,8.600955,0.10134211
dss_fedavg,persistent_sybil,4,9,1,3,0.2,1.0,1,8.512517,0.10030008
dss_fedavg,persistent_sybil,5,9,1,3,0.2,1.0,1,8.622744,0.101598844
dss_fedavg,persistent_sybil,6,9,1,3,0.2,1.0,1,8.414796,0.09914867
dss_fedavg,persistent_sybil,7,9,1,3,0.2,1.0,1,8.407121,0.09905823
dss_fedavg,persistent_sybil,8,9,1,3,0.2,1.0,1,8.606114,0.10140291
dss_fedavg,persistent_sybil,9,9,1,3,0.2,1.0,1,8.380522,0.098744825
dss_fedavg,persistent_sybil,10,9,1,3,0.2,1.0,1,8.6906185,0.10239859
dss_fedavg,persistent_sybil,11,9,1,3,0.2,1.0,1,8.44657,0.09952305
dss_fedavg,persistent_sybil,12,9,1,3,0.2,1.0,1,8.461575,0.09969984
dss_fedavg,persistent_sybil,13,9,1,3,0.2,1.0,1,8.5852,0.10115648
dss_fedavg,persistent_sybil,14,9,1,3,0.2,1.0,1,8.689226,0.10238218
dss_fedavg,persistent_sybil,15,9,1,3,0.2,1.0,1,8.448624,0.099547245
dss_fedavg,persistent_sybil,16,9,1,3,0.2,1.0,1,8.491713,0.10005495
dss_fedavg,persistent_sybil,17,9,1,3,0.2,1.0,1,8.504127,0.10020122
dss_fedavg,persistent_sybil,18,9,1,3,0.2,1.0,1,8.562549,0.100889586
dss_fedavg,persistent_sybil,19,9,1,3,0.2,1.0,1,8.463579,0.09972346
dss_fedavg,persistent_sybil,0,9,1,3,0.2,1.0,1001,8.416716,0.09917129
dss_fedavg,persistent_sybil,1,9,1,3,0.2,1.0,1001,8.579553,0.10108994
dss_fedavg,persistent_sybil,2,9,1,3,0.2,1.0,1001,8.466865,0.09976217
dss_fedavg,persistent_sybil,3,9,1,3,0.2,1.0,1001,8.5256405,0.10045471
dss_fedavg,persistent_sybil,4,9,1,3,0.2,1.0,1001,8.348329,0.0983655
dss_fedavg,persistent_sybil,5,9,1,3,0.2,1.0,1001,8.554733,0.1007975
dss_fedavg,persistent_sybil,6,9,1,3,0.2,1.0,1001,8.477101,0.09988279
dss_fedavg,persistent_sybil,7,9,1,3,0.2,1.0,1001,8.358356,0.09848366
dss_fedavg,persistent_sybil,8,9,1,3,0.2,1.0,1001,8.639767,0.10179942
dss_fedavg,persistent_sybil,9,9,1,3,0.2,1.0,1001,8.614669,0.1015037
dss_fedavg,persistent_sybil,10,9,1,3,0.2,1.0,1001,8.446147,0.09951806
dss_fedavg,persistent_sybil,11,9,1,3,0.2,1.0,1001,8.556397,0.10081711
dss_fedavg,persistent_sybil,12,9,1,3,0.2,1.0,1001,8.545279,0.100686096
dss_fedavg,persistent_sybil,13,9,1,3,0.2,1.0,1001,8.663114,0.10207451
dss_fedavg,persistent_sybil,14,9,1,3,0.2,1.0,1001,8.55692,0.10082327
dss_fedavg,persistent_sybil,15,9,1,3,0.2,1.0,1001,8.42111,0.09922306
dss_fedavg,persistent_sybil,16,9,1,3,0.2,1.0,1001,8.337696,0.09824023
dss_fedavg,persistent_sybil,17,9,1,3,0.2,1.0,1001,8.490872,0.10004505
dss_fedavg,persistent_sybil,18,9,1,3,0.2,1.0,1001,8.532376,0.100534074
dss_fedavg,persistent_sybil,19,9,1,3,0.2,1.0,1001,8.487959,0.10001072
dss_fedavg,persistent_sybil,0,9,1,3,0.2,1.0,2001,8.529858,0.1005044
dss_fedavg,persistent_sybil,1,9,1,3,0.2,1.0,2001,8.315652,0.097980484
dss_fedavg,persistent_sybil,2,9,1,3,0.2,1.0,2001,8.318751,0.09801701
dss_fedavg,persistent_sybil,3,9,1,3,0.2,1.0,2001,8.3974495,0.09894428
dss_fedavg,persistent_sybil,4,9,1,3,0.2,1.0,2001,8.6325245,0.10171409
dss_fedavg,persistent_sybil,5,9,1,3,0.2,1.0,2001,8.428716,0.09931268
dss_fedavg,persistent_sybil,6,9,1,3,0.2,1.0,2001,8.460149,0.09968305
dss_fedavg,persistent_sybil,7,9,1,3,0.2,1.0,2001,8.485865,0.09998605
dss_fedavg,persistent_sybil,8,9,1,3,0.2,1.0,2001,8.590753,0.101221904
dss_fedavg,persistent_sybil,9,9,1,3,0.2,1.0,2001,8.61867,0.10155085
dss_fedavg,persistent_sybil,10,9,1,3,0.2,1.0,2001,8.431547,0.09934604
dss_fedavg,persistent_sybil,11,9,1,3,0.2,1.0,2001,8.465362,0.09974446
dss_fedavg,persistent_sybil,12,9,1,3,0.2,1.0,2001,8.594376,0.10126459
dss_fedavg,persistent_sybil,13,9,1,3,0.2,1.0,2001,8.673667,0.102198854
dss_fedavg,persistent_sybil,14,9,1,3,0.2,1.0,2001,8.356325,0.09845972
dss_fedavg,persistent_sybil,15,9,1,3,0.2,1.0,2001,8.52276,0.10042077
dss_fedavg,persistent_sybil,16,9,1,3,0.2,1.0,2001,8.405448,0.09903852
dss_fedavg,persistent_sybil,17,9,1,3,0.2,1.0,2001,8.621149,0.10158005
dss_fedavg,persistent_sybil,18,9,1,3,0.2,1.0,2001,8.533371,0.100545794
dss_fedavg,persistent_sybil,19,9,1,3,0.2,1.0,2001,8.658656,0.102021985
dss_fedavg,persistent_sybil,0,9,1,3,0.2,1.0,3001,8.542523,0.10065363
dss_fedavg,persistent_sybil,1,9,1,3,0.2,1.0,3001,8.4291725,0.09931806
dss_fedavg,persistent_sybil,2,9,1,3,0.2,1.0,3001,8.64197,0.10182538
dss_fedavg,persistent_sybil,3,9,1,3,0.2,1.0,3001,8.407949,0.09906799
dss_fedavg,persistent_sybil,4,9,1,3,0.2,1.0,3001,8.461591,0.09970003
dss_fedavg,persistent_sybil,5,9,1,3,0.2,1.0,3001,8.449982,0.09956325
dss_fedavg,persistent_sybil,6,9,1,3,0.2,1.0,3001,8.416168,0.099164836
dss_fedavg,persistent_sybil,7,9,1,3,0.2,1.0,3001,8.388801,0.098842375
dss_fedavg,persistent_sybil,8,9,1,3,0.2,1.0,3001,8.448019,0.09954012
dss_fedavg,persistent_sybil,9,9,1,3,0.2,1.0,3001,8.605938,0.10140083
dss_fedavg,persistent_sybil,10,9,1,3,0.2,1.0,3001,8.60386,0.10137634
dss_fedavg,persistent_sybil,11,9,1,3,0.2,1.0,3001,8.350465,0.098390676
dss_fedavg,persistent_sybil,12,9,1,3,0.2,1.0,3001,8.611935,0.10147148
dss_fedavg,persistent_sybil,13,9,1,3,0.2,1.0,3001,8.428389,0.099308826
dss_fedavg,persistent_sybil,14,9,1,3,0.2,1.0,3001,8.451771,0.099584326
dss_fedavg,persistent_sybil,15,9,1,3,0.2,1.0,3001,8.410996,0.0991039
dss_fedavg,persistent_sybil,16,9,1,3,0.2,1.0,3001,8.53945,0.100617416
dss_fedavg,persistent_sybil,17,9,1,3,0.2,1.0,3001,8.739813,0.10297823
dss_fedavg,persistent_sybil,18,9,1,3,0.2,1.0,3001,8.478769,0.09990244
dss_fedavg,persistent_sybil,19,9,1,3,0.2,1.0,3001,8.61232,0.10147602
dss_fedavg,persistent_sybil,0,9,1,3,0.2,1.0,4001,8.439473,0.09943943
dss_fedavg,persistent_sybil,1,9,1,3,0.2,1.0,4001,8.502554,0.10018269
dss_fedavg,persistent_sybil,2,9,1,3,0.2,1.0,4001,8.471152,0.099812694
dss_fedavg,persistent_sybil,3,9,1,3,0.2,1.0,4001,8.497339,0.100121245
dss_fedavg,persistent_sybil,4,9,1,3,0.2,1.0,4001,8.520823,0.10039794
dss_fedavg,persistent_sybil,5,9,1,3,0.2,1.0,4001,8.595149,0.10127371
dss_fedavg,persistent_sybil,6,9,1,3,0.2,1.0,4001,8.47863,0.099900804
dss_fedavg,persistent_sybil,7,9,1,3,0.2,1.0,4001,8.540979,0.10063544
dss_fedavg,persistent_sybil,8,9,1,3,0.2,1.0,4001,8.558237,0.10083878
dss_fedavg,persistent_sybil,9,9,1,3,0.2,1.0,4001,8.529873,0.10050458
dss_fedavg,persistent_sybil,10,9,1,3,0.2,1.0,4001,8.46923,0.09979004
dss_fedavg,persistent_sybil,11,9,1,3,0.2,1.0,4001,8.461453,0.09969842
dss_fedavg,persistent_sybil,12,9,1,3,0.2,1.0,4001,8.551932,0.1007645
dss_fedavg,persistent_sybil,13,9,1,3,0.2,1.0,4001,8.614765,0.10150483
dss_fedavg,persistent_sybil,14,9,1,3,0.2,1.0,4001,8.440022,0.0994459
dss_fedavg,persistent_sybil,15,9,1,3,0.2,1.0,4001,8.428215,0.09930678
dss_fedavg,persistent_sybil,16,9,1,3,0.2,1.0,4001,8.400697,0.09898254
dss_fedavg,persistent_sybil,17,9,1,3,0.2,1.0,4001,8.4311075,0.099340856
dss_fedavg,persistent_sybil,18,9,1,3,0.2,1.0,4001,8.550945,0.10075287
dss_fedavg,persistent_sybil,19,9,1,3,0.2,1.0,4001,8.484703,0.09997236
krum,persistent_sybil,0,9,1,3,0.2,1.0,1,0.29861993,0.0035185365
krum,persistent_sybil,1,9,1,3,0.2,1.0,1,0.3879176,0.0045707007
krum,persistent_sybil,2,9,1,3,0.2,1.0,1,0.22852731,0.0026926592
krum,persistent_sybil,3,9,1,3,0.2,1.0,1,0.4022157,0.00473917
krum,persistent_sybil,4,9,1,3,0.2,1.0,1,0.46331763,0.0054591135
krum,persistent_sybil,5,9,1,3,0.2,1.0,1,0.37281993,0.0043928097
krum,persistent_sybil,6,9,1,3,0.2,1.0,1,0.29438955,0.0034686914
krum,persistent_sybil,7,9,1,3,0.2,1.0,1,0.26334447,0.003102898
krum,persistent_sybil,8,9,1,3,0.2,1.0,1,0.2603167,0.0030672227
krum,persistent_sybil,9,9,1,3,0.2,1.0,1,0.29907483,0.0035238964
krum,persistent_sybil,10,9,1,3,0.2,1.0,1,0.51315945,0.0060463827
krum,persistent_sybil,11,9,1,3,0.2,1.0,1,0.34140223,0.0040226257
krum,persistent_sybil,12,9,1,3,0.2,1.0,1,0.19943902,0.0023499217
krum,persistent_sybil,13,9,1,3,0.2,1.0,1,0.33904147,0.00399481
krum,persistent_sybil,14,9,1,3,0.2,1.0,1,0.5628018,0.0066313013
krum,persistent_sybil,15,9,1,3,0.2,1.0,1,0.35295027,0.0041586924
krum,persistent_sybil,16,9,1,3,0.2,1.0,1,0.3948724,0.0046526464
krum,persistent_sybil,17,9,1,3,0.2,1.0,1,0.23228851,0.0027369761
krum,persistent_sybil,18,9,1,3,0.2,1.0,1,0.25847915,0.0030455715
krum,persistent_sybil,19,9,1,3,0.2,1.0,1,0.21981928,0.0025900553
krum,persistent_sybil,0,9,1,3,0.2,1.0,1001,0.16645326,0.001961262
krum,persistent_sybil,1,9,1,3,0.2,1.0,1001,0.24568477,0.0028948197
krum,persistent_sybil,2,9,1,3,0.2,1.0,1001,0.22888859,0.002696916
krum,persistent_sybil,3,9,1,3,0.2,1.0,1001,0.6076259,0.007159448
krum,persistent_sybil,4,9,1,3,0.2,1.0,1001,0.46483585,0.005477002
krum,persistent_sybil,5,9,1,3,0.2,1.0,1001,0.54728705,0.006448496
krum,persistent_sybil,6,9,1,3,0.2,1.0,1001,0.4003571,0.004717271
krum,persistent_sybil,7,9,1,3,0.2,1.0,1001,0.19864288,0.0023405412
krum,persistent_sybil,8,9,1,3,0.2,1.0,1001,0.10229416,0.0012052972
krum,persistent_sybil,9,9,1,3,0.2,1.0,1001,0.37820598,0.004456272
krum,persistent_sybil,10,9,1,3,0.2,1.0,1001,0.2804325,0.0033042403
krum,persistent_sybil,11,9,1,3,0.2,1.0,1001,0.28739387,0.0033862637
krum,persistent_sybil,12,9,1,3,0.2,1.0,1001,0.27972367,0.0032958884
krum,persistent_sybil,13,9,1,3,0.2,1.0,1001,0.23782703,0.0028022346
krum,persistent_sybil,14,9,1,3,0.2,1.0,1001,0.18068449,0.0021289436
krum,persistent_sybil,15,9,1,3,0.2,1.0,1001,0.2265616,0.002669498
krum,persistent_sybil,16,9,1,3,0.2,1.0,1001,0.40057808,0.004719875
krum,persistent_sybil,17,9,1,3,0.2,1.0,1001,0.21019493,0.002476655
krum,persistent_sybil,18,9,1,3,0.2,1.0,1001,0.28859493,0.0034004154
krum,persistent_sybil,19,9,1,3,0.2,1.0,1001,0.36760324,0.0043313433
krum,persistent_sybil,0,9,1,3,0.2,1.0,2001,0.29126975,0.0034319318
krum,persistent_sybil,1,9,1,3,0.2,1.0,2001,0.3292758,0.003879744
krum,persistent_sybil,2,9,1,3,0.2,1.0,2001,0.3012571,0.0035496096
krum,persistent_sybil,3,9,1,3,0.2,1.0,2001,0.16976169,0.0020002439
krum,persistent_sybil,4,9,1,3,0.2,1.0,2001,0.36148393,0.0042592417
krum,persistent_sybil,5,9,1,3,0.2,1.0,2001,0.3990603,0.004701991
krum,persistent_sybil,6,9,1,3,0.2,1.0,2001,0.2913096,0.0034324015
krum,persistent_sybil,7,9,1,3,0.2,1.0,2001,0.2793725,0.0032917508
krum,persistent_sybil,8,9,1,3,0.2,1.0,2001,0.06556032,0.00077247486
krum,persistent_sybil,9,9,1,3,0.2,1.0,2001,0.33082277,0.0038979717
krum,persistent_sybil,10,9,1,3,0.2,1.0,2001,0.20874849,0.0024596122
krum,persistent_sybil,11,9,1,3,0.2,1.0,2001,0.47246543,0.0055668987
krum,persistent_sybil,12,9,1,3,0.2,1.0,2001,0.10289896,0.0012124233
krum,persistent_sybil,13,9,1,3,0.2,1.0,2001,0.27210334,0.0032061008
krum,persistent_sybil,14,9,1,3,0.2,1.0,2001,0.35520282,0.0041852337
krum,persistent_sybil,15,9,1,3,0.2,1.0,2001,0.21052183,0.002480507
krum,persistent_sybil,16,9,1,3,0.2,1.0,2001,0.266199,0.0031365317
krum,persistent_sybil,17,9,1,3,0.2,1.0,2001,0.13482744,0.0015886256
krum,persistent_sybil,18,9,1,3,0.2,1.0,2001,0.17029822,0.0020065657
krum,persistent_sybil,19,9,1,3,0.2,1.0,2001,0.44943163,0.005295499
krum,persistent_sybil,0,9,1,3,0.2,1.0,3001,0.25635785,0.003020577
krum,persistent_sybil,1,9,1,3,0.2,1.0,3001,0.39238477,0.004623336
krum,persistent_sybil,2,9,1,3,0.2,1.0,3001,0.28589442,0.0033685963
krum,persistent_sybil,3,9,1,3,0.2,1.0,3001,0.3875281,0.004566111
krum,persistent_sybil,4,9,1,3,0.2,1.0,3001,0.1783196,0.0021010789
krum,persistent_sybil,5,9,1,3,0.2,1.0,3001,0.20347826,0.0023975149
krum,persistent_sybil,6,9,1,3,0.2,1.0,3001,0.26794896,0.003157151
krum,persistent_sybil,7,9,1,3,0.2,1.0,3001,0.32204407,0.0037945353
krum,persistent_sybil,8,9,1,3,0.2,1.0,3001,0.41345084,0.00487155
krum,persistent_sybil,9,9,1,3,0.2,1.0,3001,0.28971267,0.0034135855
krum,persistent_sybil,10,9,1,3,0.2,1.0,3001,0.17234446,0.002030676
krum,persistent_sybil,11,9,1,3,0.2,1.0,3001,0.52178663,0.006148034
krum,persistent_sybil,12,9,1,3,0.2,1.0,3001,0.1466147,0.001727511
krum,persistent_sybil,13,9,1,3,0.2,1.0,3001,0.2416306,0.0028470508
krum,persistent_sybil,14,9,1,3,0.2,1.0,3001,0.4802889,0.00565908
krum,persistent_sybil,15,9,1,3,0.2,1.0,3001,0.355309,0.0041864845
krum,persistent_sybil,16,9,1,3,0.2,1.0,3001,0.3194902,0.0037644438
krum,persistent_sybil,17,9,1,3,0.2,1.0,3001,0.3595727,0.0042367224
krum,persistent_sybil,18,9,1,3,0.2,1.0,3001,0.08774578,0.0010338785
krum,persistent_sybil,19,9,1,3,0.2,1.0,3001,0.32685292,0.0038511963
krum,persistent_sybil,0,9,1,3,0.2,1.0,4001,0.44883117,0.0052884244
krum,persistent_sybil,1,9,1,3,0.2,1.0,4001,0.0701128,0.0008261152
krum,persistent_sybil,2,9,1,3,0.2,1.0,4001,0.24072921,0.00283643
krum,persistent_sybil,3,9,1,3,0.2,1.0,4001,0.31393534,0.0036989928
krum,persistent_sybil,4,9,1,3,0.2,1.0,4001,0.32085848,0.003780566
krum,persistent_sybil,5,9,1,3,0.2,1.0,4001,0.40144774,0.0047301217
krum,persistent_sybil,6,9,1,3,0.2,1.0,4001,0.440541,0.005190744
krum,persistent_sybil,7,9,1,3,0.2,1.0,4001,0.16424228,0.0019352107
krum,persistent_sybil,8,9,1,3,0.2,1.0,4001,0.37192783,0.0043822983
krum,persistent_sybil,9,9,1,3,0.2,1.0,4001,0.20409724,0.002404808
krum,persistent_sybil,10,9,1,3,0.2,1.0,4001,0.067562744,0.00079606875
krum,persistent_sybil,11,9,1,3,0.2,1.0,4001,0.20453368,0.0024099506
krum,persistent_sybil,12,9,1,3,0.2,1.0,4001,0.28902102,0.003405436
krum,persistent_sybil,13,9,1,3,0.2,1.0,4001,0.21608566,0.0025460634
krum,persistent_sybil,14,9,1,3,0.2,1.0,4001,0.31876493,0.0037558982
krum,persistent_sybil,15,9,1,3,0.2,1.0,4001,0.4208688,0.0049589532
krum,persistent_sybil,16,9,1,3,0.2,1.0,4001,0.14624308,0.0017231322
krum,persistent_sybil,17,9,1,3,0.2,1.0,4001,0.29602408,0.0034879507
krum,persistent_sybil,18,9,1,3,0.2,1.0,4001,0.48746258,0.005743605
krum,persistent_sybil,19,9,1,3,0.2,1.0,4001,0.31404382,0.003700271
dss_krum,persistent_sybil,0,9,1,3,0.2,1.0,1,0.29861993,0.0035185365
dss_krum,persistent_sybil,1,9,1,3,0.2,1.0,1,0.3879176,0.0045707007
dss_krum,persistent_sybil,2,9,1,3,0.2,1.0,1,0.22852731,0.0026926592
dss_krum,persistent_sybil,3,9,1,3,0.2,1.0,1,0.4022157,0.00473917
dss_krum,persistent_sybil,4,9,1,3,0.2,1.0,1,0.46331763,0.0054591135
dss_krum,persistent_sybil,5,9,1,3,0.2,1.0,1,0.37281993,0.0043928097
dss_krum,persistent_sybil,6,9,1,3,0.2,1.0,1,0.29438955,0.0034686914
dss_krum,persistent_sybil,7,9,1,3,0.2,1.0,1,0.26334447,0.003102898
dss_krum,persistent_sybil,8,9,1,3,0.2,1.0,1,0.2603167,0.0030672227
dss_krum,persistent_sybil,9,9,1,3,0.2,1.0,1,0.29907483,0.0035238964
dss_krum,persistent_sybil,10,9,1,3,0.2,1.0,1,0.51315945,0.0060463827
dss_krum,persistent_sybil,11,9,1,3,0.2,1.0,1,0.34140223,0.0040226257
dss_krum,persistent_sybil,12,9,1,3,0.2,1.0,1,0.19943902,0.0023499217
dss_krum,persistent_sybil,13,9,1,3,0.2,1.0,1,0.33904147,0.00399481
dss_krum,persistent_sybil,14,9,1,3,0.2,1.0,1,0.5628018,0.0066313013
dss_krum,persistent_sybil,15,9,1,3,0.2,1.0,1,0.35295027,0.0041586924
dss_krum,persistent_sybil,16,9,1,3,0.2,1.0,1,0.3948724,0.0046526464
dss_krum,persistent_sybil,17,9,1,3,0.2,1.0,1,0.23228851,0.0027369761
dss_krum,persistent_sybil,18,9,1,3,0.2,1.0,1,0.25847915,0.0030455715
dss_krum,persistent_sybil,19,9,1,3,0.2,1.0,1,0.21981928,0.0025900553
dss_krum,persistent_sybil,0,9,1,3,0.2,1.0,1001,0.16645326,0.001961262
dss_krum,persistent_sybil,1,9,1,3,0.2,1.0,1001,0.24568477,0.0028948197
dss_krum,persistent_sybil,2,9,1,3,0.2,1.0,1001,0.22888859,0.002696916
dss_krum,persistent_sybil,3,9,1,3,0.2,1.0,1001,0.6076259,0.007159448
dss_krum,persistent_sybil,4,9,1,3,0.2,1.0,1001,0.46483585,0.005477002
dss_krum,persistent_sybil,5,9,1,3,0.2,1.0,1001,0.54728705,0.006448496
dss_krum,persistent_sybil,6,9,1,3,0.2,1.0,1001,0.4003571,0.004717271
dss_krum,persistent_sybil,7,9,1,3,0.2,1.0,1001,0.19864288,0.0023405412
dss_krum,persistent_sybil,8,9,1,3,0.2,1.0,1001,0.10229416,0.0012052972
dss_krum,persistent_sybil,9,9,1,3,0.2,1.0,1001,0.37820598,0.004456272
dss_krum,persistent_sybil,10,9,1,3,0.2,1.0,1001,0.2804325,0.0033042403
dss_krum,persistent_sybil,11,9,1,3,0.2,1.0,1001,0.28739387,0.0033862637
dss_krum,persistent_sybil,12,9,1,3,0.2,1.0,1001,0.27972367,0.0032958884
dss_krum,persistent_sybil,13,9,1,3,0.2,1.0,1001,0.23782703,0.0028022346
dss_krum,persistent_sybil,14,9,1,3,0.2,1.0,1001,0.18068449,0.0021289436
dss_krum,persistent_sybil,15,9,1,3,0.2,1.0,1001,0.2265616,0.002669498
dss_krum,persistent_sybil,16,9,1,3,0.2,1.0,1001,0.40057808,0.004719875
dss_krum,persistent_sybil,17,9,1,3,0.2,1.0,1001,0.21019493,0.002476655
dss_krum,persistent_sybil,18,9,1,3,0.2,1.0,1001,0.28859493,0.0034004154
dss_krum,persistent_sybil,19,9,1,3,0.2,1.0,1001,0.36760324,0.0043313433
dss_krum,persistent_sybil,0,9,1,3,0.2,1.0,2001,0.29126975,0.0034319318
dss_krum,persistent_sybil,1,9,1,3,0.2,1.0,2001,0.3292758,0.003879744
dss_krum,persistent_sybil,2,9,1,3,0.2,1.0,2001,0.3012571,0.0035496096
dss_krum,persistent_sybil,3,9,1,3,0.2,1.0,2001,0.16976169,0.0020002439
dss_krum,persistent_sybil,4,9,1,3,0.2,1.0,2001,0.36148393,0.0042592417
dss_krum,persistent_sybil,5,9,1,3,0.2,1.0,2001,0.3990603,0.004701991
dss_krum,persistent_sybil,6,9,1,3,0.2,1.0,2001,0.2913096,0.0034324015
dss_krum,persistent_sybil,7,9,1,3,0.2,1.0,2001,0.2793725,0.0032917508
dss_krum,persistent_sybil,8,9,1,3,0.2,1.0,2001,0.06556032,0.00077247486
dss_krum,persistent_sybil,9,9,1,3,0.2,1.0,2001,0.33082277,0.0038979717
dss_krum,persistent_sybil,10,9,1,3,0.2,1.0,2001,0.20874849,0.0024596122
dss_krum,persistent_sybil,11,9,1,3,0.2,1.0,2001,0.47246543,0.0055668987
dss_krum,persistent_sybil,12,9,1,3,0.2,1.0,2001,0.10289896,0.0012124233
dss_krum,persistent_sybil,13,9,1,3,0.2,1.0,2001,0.27210334,0.0032061008
dss_krum,persistent_sybil,14,9,1,3,0.2,1.0,2001,0.35520282,0.0041852337
dss_krum,persistent_sybil,15,9,1,3,0.2,1.0,2001,0.21052183,0.002480507
dss_krum,persistent_sybil,16,9,1,3,0.2,1.0,2001,0.266199,0.0031365317
dss_krum,persistent_sybil,17,9,1,3,0.2,1.0,2001,0.13482744,0.0015886256
dss_krum,persistent_sybil,18,9,1,3,0.2,1.0,2001,0.17029822,0.0020065657
dss_krum,persistent_sybil,19,9,1,3,0.2,1.0,2001,0.44943163,0.005295499
dss_krum,persistent_sybil,0,9,1,3,0.2,1.0,3001,0.25635785,0.003020577
dss_krum,persistent_sybil,1,9,1,3,0.2,1.0,3001,0.39238477,0.004623336
dss_krum,persistent_sybil,2,9,1,3,0.2,1.0,3001,0.28589442,0.0033685963
dss_krum,persistent_sybil,3,9,1,3,0.2,1.0,3001,0.3875281,0.004566111
dss_krum,persistent_sybil,4,9,1,3,0.2,1.0,3001,0.1783196,0.0021010789
dss_krum,persistent_sybil,5,9,1,3,0.2,1.0,3001,0.20347826,0.0023975149
dss_krum,persistent_sybil,6,9,1,3,0.2,1.0,3001,0.26794896,0.003157151
dss_krum,persistent_sybil,7,9,1,3,0.2,1.0,3001,0.32204407,0.0037945353
dss_krum,persistent_sybil,8,9,1,3,0.2,1.0,3001,0.41345084,0.00487155
dss_krum,persistent_sybil,9,9,1,3,0.2,1.0,3001,0.28971267,0.0034135855
dss_krum,persistent_sybil,10,9,1,3,0.2,1.0,3001,0.17234446,0.002030676
dss_krum,persistent_sybil,11,9,1,3,0.2,1.0,3001,0.52178663,0.006148034
dss_krum,persistent_sybil,12,9,1,3,0.2,1.0,3001,0.1466147,0.001727511
dss_krum,persistent_sybil,13,9,1,3,0.2,1.0,3001,0.2416306,0.0028470508
dss_krum,persistent_sybil,14,9,1,3,0.2,1.0,3001,0.4802889,0.00565908
dss_krum,persistent_sybil,15,9,1,3,0.2,1.0,3001,0.355309,0.0041864845
dss_krum,persistent_sybil,16,9,1,3,0.2,1.0,3001,0.3194902,0.0037644438
dss_krum,persistent_sybil,17,9,1,3,0.2,1.0,3001,0.3595727,0.0042367224
dss_krum,persistent_sybil,18,9,1,3,0.2,1.0,3001,0.08774578,0.0010338785
dss_krum,persistent_sybil,19,9,1,3,0.2,1.0,3001,0.32685292,0.0038511963
dss_krum,persistent_sybil,0,9,1,3,0.2,1.0,4001,0.44883117,0.0052884244
dss_krum,persistent_sybil,1,9,1,3,0.2,1.0,4001,0.0701128,0.0008261152
dss_krum,persistent_sybil,2,9,1,3,0.2,1.0,4001,0.24072921,0.00283643
dss_krum,persistent_sybil,3,9,1,3,0.2,1.0,4001,0.31393534,0.0036989928
dss_krum,persistent_sybil,4,9,1,3,0.2,1.0,4001,0.32085848,0.003780566
dss_krum,persistent_sybil,5,9,1,3,0.2,1.0,4001,0.40144774,0.0047301217
dss_krum,persistent_sybil,6,9,1,3,0.2,1.0,4001,0.440541,0.005190744
dss_krum,persistent_sybil,7,9,1,3,0.2,1.0,4001,0.16424228,0.0019352107
dss_krum,persistent_sybil,8,9,1,3,0.2,1.0,4001,0.37192783,0.0043822983
dss_krum,persistent_sybil,9,9,1,3,0.2,1.0,4001,0.20409724,0.002404808
dss_krum,persistent_sybil,10,9,1,3,0.2,1.0,4001,0.067562744,0.00079606875
dss_krum,persistent_sybil,11,9,1,3,0.2,1.0,4001,0.20453368,0.0024099506
dss_krum,persistent_sybil,12,9,1,3,0.2,1.0,4001,0.28902102,0.003405436
dss_krum,persistent_sybil,13,9,1,3,0.2,1.0,4001,0.21608566,0.0025460634
dss_krum,persistent_sybil,14,9,1,3,0.2,1.0,4001,0.31876493,0.0037558982
dss_krum,persistent_sybil,15,9,1,3,0.2,1.0,4001,0.4208688,0.0049589532
dss_krum,persistent_sybil,16,9,1,3,0.2,1.0,4001,0.14624308,0.0017231322
dss_krum,persistent_sybil,17,9,1,3,0.2,1.0,4001,0.29602408,0.0034879507
dss_krum,persistent_sybil,18,9,1,3,0.2,1.0,4001,0.48746258,0.005743605
dss_krum,persistent_sybil,19,9,1,3,0.2,1.0,4001,0.31404382,0.003700271
foolsgold,persistent_sybil,0,9,1,3,0.2,1.0,1,1.5534024,0.01830321
foolsgold,persistent_sybil,1,9,1,3,0.2,1.0,1,1.5178956,0.017884845
foolsgold,persistent_sybil,2,9,1,3,0.2,1.0,1,1.1959214,0.014091133
foolsgold,persistent_sybil,3,9,1,3,0.2,1.0,1,1.3270727,0.015636444
foolsgold,persistent_sybil,4,9,1,3,0.2,1.0,1,1.39431,0.01642868
foolsgold,persistent_sybil,5,9,1,3,0.2,1.0,1,1.3487223,0.015891535
foolsgold,persistent_sybil,6,9,1,3,0.2,1.0,1,1.292792,0.015232526
foolsgold,persistent_sybil,7,9,1,3,0.2,1.0,1,1.1807988,0.013912949
foolsgold,persistent_sybil,8,9,1,3,0.2,1.0,1,7.874251,0.09277961
foolsgold,persistent_sybil,9,9,1,3,0.2,1.0,1,7.944509,0.09360743
foolsgold,persistent_sybil,10,9,1,3,0.2,1.0,1,1.4812311,0.01745284
foolsgold,persistent_sybil,11,9,1,3,0.2,1.0,1,1.3333961,0.01571095
foolsgold,persistent_sybil,12,9,1,3,0.2,1.0,1,1.3895012,0.016372018
foolsgold,persistent_sybil,13,9,1,3,0.2,1.0,1,0.92460614,0.010894318
foolsgold,persistent_sybil,14,9,1,3,0.2,1.0,1,0.95658475,0.011271112
foolsgold,persistent_sybil,15,9,1,3,0.2,1.0,1,1.2712831,0.014979095
foolsgold,persistent_sybil,16,9,1,3,0.2,1.0,1,1.2077156,0.0142301
foolsgold,persistent_sybil,17,9,1,3,0.2,1.0,1,1.2553946,0.014791885
foolsgold,persistent_sybil,18,9,1,3,0.2,1.0,1,1.4413285,0.016982682
foolsgold,persistent_sybil,19,9,1,3,0.2,1.0,1,1.5529135,0.01829745
foolsgold,persistent_sybil,0,9,1,3,0.2,1.0,1001,1.5780144,0.018593205
foolsgold,persistent_sybil,1,9,1,3,0.2,1.0,1001,1.5690718,0.018487837
foolsgold,persistent_sybil,2,9,1,3,0.2,1.0,1001,1.4570594,0.017168032
foolsgold,persistent_sybil,3,9,1,3,0.2,1.0,1001,0.92611617,0.01091211
foolsgold,persistent_sybil,4,9,1,3,0.2,1.0,1001,1.4490824,0.017074043
foolsgold,persistent_sybil,5,9,1,3,0.2,1.0,1001,1.3449396,0.015846964
foolsgold,persistent_sybil,6,9,1,3,0.2,1.0,1001,1.5932109,0.01877226
foolsgold,persistent_sybil,7,9,1,3,0.2,1.0,1001,1.6029193,0.018886652
foolsgold,persistent_sybil,8,9,1,3,0.2,1.0,1001,1.4332881,0.016887944
foolsgold,persistent_sybil,9,9,1,3,0.2,1.0,1001,1.2377995,0.014584569
foolsgold,persistent_sybil,10,9,1,3,0.2,1.0,1001,1.5509617,0.018274453
foolsgold,persistent_sybil,11,9,1,3,0.2,1.0,1001,1.5108278,0.017801568
foolsgold,persistent_sybil,12,9,1,3,0.2,1.0,1001,1.3626238,0.01605533
foolsgold,persistent_sybil,13,9,1,3,0.2,1.0,1001,1.5119047,0.017814256
foolsgold,persistent_sybil,14,9,1,3,0.2,1.0,1001,1.4652215,0.017264204
foolsgold,persistent_sybil,15,9,1,3,0.2,1.0,1001,1.3068513,0.015398182
foolsgold,persistent_sybil,16,9,1,3,0.2,1.0,1001,1.4410079,0.016978903
foolsgold,persistent_sybil,17,9,1,3,0.2,1.0,1001,1.5470849,0.018228773
foolsgold,persistent_sybil,18,9,1,3,0.2,1.0,1001,1.4877945,0.017530175
foolsgold,persistent_sybil,19,9,1,3,0.2,1.0,1001,1.1746973,0.013841056
foolsgold,persistent_sybil,0,9,1,3,0.2,1.0,2001,1.5708126,0.018508349
foolsgold,persistent_sybil,1,9,1,3,0.2,1.0,2001,1.0725526,0.01263752
foolsgold,persistent_sybil,2,9,1,3,0.2,1.0,2001,1.5687615,0.01848418
foolsgold,persistent_sybil,3,9,1,3,0.2,1.0,2001,1.5237736,0.017954104
foolsgold,persistent_sybil,4,9,1,3,0.2,1.0,2001,7.6777787,0.090464644
foolsgold,persistent_sybil,5,9,1,3,0.2,1.0,2001,2.8192503,0.033218265
foolsgold,persistent_sybil,6,9,1,3,0.2,1.0,2001,1.1290735,0.013303488
foolsgold,persistent_sybil,7,9,1,3,0.2,1.0,2001,1.2555548,0.014793773
foolsgold,persistent_sybil,8,9,1,3,0.2,1.0,2001,7.098182,0.08363546
foolsgold,persistent_sybil,9,9,1,3,0.2,1.0,2001,0.80748993,0.009514378
foolsgold,persistent_sybil,10,9,1,3,0.2,1.0,2001,1.1792474,0.013894669
foolsgold,persistent_sybil,11,9,1,3,0.2,1.0,2001,1.1842773,0.013953934
foolsgold,persistent_sybil,12,9,1,3,0.2,1.0,2001,1.4650424,0.017262094
foolsgold,persistent_sybil,13,9,1,3,0.2,1.0,2001,1.3400562,0.015789425
foolsgold,persistent_sybil,14,9,1,3,0.2,1.0,2001,1.0962319,0.012916527
foolsgold,persistent_sybil,15,9,1,3,0.2,1.0,2001,1.3519142,0.015929142
foolsgold,persistent_sybil,16,9,1,3,0.2,1.0,2001,1.5031818,0.017711477
foolsgold,persistent_sybil,17,9,1,3,0.2,1.0,2001,1.3123908,0.015463453
foolsgold,persistent_sybil,18,9,1,3,0.2,1.0,2001,6.9934864,0.082401864
foolsgold,persistent_sybil,19,9,1,3,0.2,1.0,2001,7.1544204,0.08429809
foolsgold,persistent_sybil,0,9,1,3,0.2,1.0,3001,1.3525972,0.01593719
foolsgold,persistent_sybil,1,9,1,3,0.2,1.0,3001,1.4250888,0.016791334
foolsgold,persistent_sybil,2,9,1,3,0.2,1.0,3001,1.4701931,0.017322784
foolsgold,persistent_sybil,3,9,1,3,0.2,1.0,3001,0.37456942,0.0044134236
foolsgold,persistent_sybil,4,9,1,3,0.2,1.0,3001,1.275208,0.01502534
foolsgold,persistent_sybil,5,9,1,3,0.2,1.0,3001,1.4780096,0.017414883
foolsgold,persistent_sybil,6,9,1,3,0.2,1.0,3001,1.5902023,0.018736811
foolsgold,persistent_sybil,7,9,1,3,0.2,1.0,3001,1.5937053,0.018778086
foolsgold,persistent_sybil,8,9,1,3,0.2,1.0,3001,1.5602943,0.018384414
foolsgold,persistent_sybil,9,9,1,3,0.2,1.0,3001,7.736371,0.091155015
foolsgold,persistent_sybil,10,9,1,3,0.2,1.0,3001,1.1304716,0.013319961
foolsgold,persistent_sybil,11,9,1,3,0.2,1.0,3001,1.0223433,0.012045922
foolsgold,persistent_sybil,12,9,1,3,0.2,1.0,3001,0.91357374,0.010764327
foolsgold,persistent_sybil,13,9,1,3,0.2,1.0,3001,1.1756134,0.013851851
foolsgold,persistent_sybil,14,9,1,3,0.2,1.0,3001,1.0425801,0.0122843655
foolsgold,persistent_sybil,15,9,1,3,0.2,1.0,3001,1.5698969,0.01849756
foolsgold,persistent_sybil,16,9,1,3,0.2,1.0,3001,1.5748619,0.01855606
foolsgold,persistent_sybil,17,9,1,3,0.2,1.0,3001,1.5007997,0.01768341
foolsgold,persistent_sybil,18,9,1,3,0.2,1.0,3001,1.4174069,0.016700821
foolsgold,persistent_sybil,19,9,1,3,0.2,1.0,3001,1.3034679,0.015358317
foolsgold,persistent_sybil,0,9,1,3,0.2,1.0,4001,1.4913816,0.01757244
foolsgold,persistent_sybil,1,9,1,3,0.2,1.0,4001,1.4582074,0.017181559
foolsgold,persistent_sybil,2,9,1,3,0.2,1.0,4001,1.5688808,0.018485587
foolsgold,persistent_sybil,3,9,1,3,0.2,1.0,4001,1.1943448,0.014072556
foolsgold,persistent_sybil,4,9,1,3,0.2,1.0,4001,1.2768153,0.015044278
foolsgold,persistent_sybil,5,9,1,3,0.2,1.0,4001,1.4078754,0.016588515
foolsgold,persistent_sybil,6,9,1,3,0.2,1.0,4001,1.4486696,0.017069178
foolsgold,persistent_sybil,7,9,1,3,0.2,1.0,4001,1.148676,0.013534457
foolsgold,persistent_sybil,8,9,1,3,0.2,1.0,4001,1.5752745,0.018560922
foolsgold,persistent_sybil,9,9,1,3,0.2,1.0,4001,1.3980887,0.016473202
foolsgold,persistent_sybil,10,9,1,3,0.2,1.0,4001,1.0892915,0.012834749
foolsgold,persistent_sybil,11,9,1,3,0.2,1.0,4001,1.1086354,0.013062673
foolsgold,persistent_sybil,12,9,1,3,0.2,1.0,4001,1.2245754,0.014428753
foolsgold,persistent_sybil,13,9,1,3,0.2,1.0,4001,1.1630752,0.013704117
foolsgold,persistent_sybil,14,9,1,3,0.2,1.0,4001,1.3647227,0.016080061
foolsgold,persistent_sybil,15,9,1,3,0.2,1.0,4001,1.5874183,0.018704008
foolsgold,persistent_sybil,16,9,1,3,0.2,1.0,4001,1.6307875,0.019215012
foolsgold,persistent_sybil,17,9,1,3,0.2,1.0,4001,1.544114,0.018193768
foolsgold,persistent_sybil,18,9,1,3,0.2,1.0,4001,1.4352837,0.016911456
foolsgold,persistent_sybil,19,9,1,3,0.2,1.0,4001,1.3333646,0.01571058
fedavg,adaptive_evasion,0,9,1,3,0.2,1.0,1,8.50353,0.100194186
fedavg,adaptive_evasion,1,9,1,3,0.2,1.0,1,10.156432,0.09938675
fedavg,adaptive_evasion,2,9,1,3,0.2,1.0,1,12.385212,0.10071275
fedavg,adaptive_evasion,3,9,1,3,0.2,1.0,1,14.904522,0.10076263
fedavg,adaptive_evasion,4,9,1,3,0.2,1.0,1,17.809511,0.100139506
fedavg,adaptive_evasion,5,9,1,3,0.2,1.0,1,21.511488,0.1006325
fedavg,adaptive_evasion,6,9,1,3,0.2,1.0,1,25.613852,0.09971841
fedavg,adaptive_evasion,7,9,1,3,0.2,1.0,1,30.777916,0.09974028
fedavg,adaptive_evasion,8,9,1,3,0.2,1.0,1,37.183014,0.10032025
fedavg,adaptive_evasion,9,9,1,3,0.2,1.0,1,44.40381,0.09975735
fedavg,adaptive_evasion,10,9,1,3,0.2,1.0,1,53.652145,0.1003804
fedavg,adaptive_evasion,11,9,1,3,0.2,1.0,1,64.13272,0.099936865
fedavg,adaptive_evasion,12,9,1,3,0.2,1.0,1,77.01695,0.09996681
fedavg,adaptive_evasion,13,9,1,3,0.2,1.0,1,92.58346,0.10010573
fedavg,adaptive_evasion,14,9,1,3,0.2,1.0,1,111.217964,0.10018062
fedavg,adaptive_evasion,15,9,1,3,0.2,1.0,1,133.21689,0.09997096
fedavg,adaptive_evasion,16,9,1,3,0.2,1.0,1,159.94499,0.10000228
fedavg,adaptive_evasion,17,9,1,3,0.2,1.0,1,191.98073,0.10000858
fedavg,adaptive_evasion,18,9,1,3,0.2,1.0,1,230.46677,0.10003254
fedavg,adaptive_evasion,19,9,1,3,0.2,1.0,1,276.48047,0.099991195
fedavg,adaptive_evasion,0,9,1,3,0.2,1.0,1001,8.416716,0.09917129
fedavg,adaptive_evasion,1,9,1,3,0.2,1.0,1001,10.311526,0.100904435
fedavg,adaptive_evasion,2,9,1,3,0.2,1.0,1001,12.2772875,0.099835135
fedavg,adaptive_evasion,3,9,1,3,0.2,1.0,1001,14.829069,0.100252524
fedavg,adaptive_evasion,4,9,1,3,0.2,1.0,1001,17.645903,0.09921957
fedavg,adaptive_evasion,5,9,1,3,0.2,1.0,1001,21.441515,0.10030517
fedavg,adaptive_evasion,6,9,1,3,0.2,1.0,1001,25.675192,0.09995721
fedavg,adaptive_evasion,7,9,1,3,0.2,1.0,1001,30.727613,0.09957727
fedavg,adaptive_evasion,8,9,1,3,0.2,1.0,1001,37.216045,0.100409366
fedavg,adaptive_evasion,9,9,1,3,0.2,1.0,1001,44.638126,0.100283764
fedavg,adaptive_evasion,10,9,1,3,0.2,1.0,1001,53.406784,0.09992134
fedavg,adaptive_evasion,11,9,1,3,0.2,1.0,1001,64.241776,0.100106806
fedavg,adaptive_evasion,12,9,1,3,0.2,1.0,1001,77.09983,0.10007438
fedavg,adaptive_evasion,13,9,1,3,0.2,1.0,1001,92.661064,0.10018965
fedavg,adaptive_evasion,14,9,1,3,0.2,1.0,1001,111.0873,0.10006293
fedavg,adaptive_evasion,15,9,1,3,0.2,1.0,1001,133.18939,0.09995032
fedavg,adaptive_evasion,16,9,1,3,0.2,1.0,1001,159.79071,0.09990582
fedavg,adaptive_evasion,17,9,1,3,0.2,1.0,1001,191.9678,0.10000184
fedavg,adaptive_evasion,18,9,1,3,0.2,1.0,1001,230.43579,0.1000191
fedavg,adaptive_evasion,19,9,1,3,0.2,1.0,1001,276.5042,0.099999785
fedavg,adaptive_evasion,0,9,1,3,0.2,1.0,2001,8.529858,0.1005044
fedavg,adaptive_evasion,1,9,1,3,0.2,1.0,2001,10.047418,0.09831998
fedavg,adaptive_evasion,2,9,1,3,0.2,1.0,2001,12.129058,0.09862978
fedavg,adaptive_evasion,3,9,1,3,0.2,1.0,2001,14.701798,0.09939211
fedavg,adaptive_evasion,4,9,1,3,0.2,1.0,2001,17.930014,0.10081707
fedavg,adaptive_evasion,5,9,1,3,0.2,1.0,2001,21.316803,0.09972175
fedavg,adaptive_evasion,6,9,1,3,0.2,1.0,2001,25.659145,0.09989475
fedavg,adaptive_evasion,7,9,1,3,0.2,1.0,2001,30.856707,0.09999561
fedavg,adaptive_evasion,8,9,1,3,0.2,1.0,2001,37.167046,0.10027716
fedavg,adaptive_evasion,9,9,1,3,0.2,1.0,2001,44.642693,0.100294024
fedavg,adaptive_evasion,10,9,1,3,0.2,1.0,2001,53.392323,0.09989428
fedavg,adaptive_evasion,11,9,1,3,0.2,1.0,2001,64.15026,0.0999642
fedavg,adaptive_evasion,12,9,1,3,0.2,1.0,2001,77.14978,0.100139216
fedavg,adaptive_evasion,13,9,1,3,0.2,1.0,2001,92.67173,0.100201175
fedavg,adaptive_evasion,14,9,1,3,0.2,1.0,2001,110.88417,0.09987995
fedavg,adaptive_evasion,15,9,1,3,0.2,1.0,2001,133.29077,0.1000264
fedavg,adaptive_evasion,16,9,1,3,0.2,1.0,2001,159.85962,0.099948905
fedavg,adaptive_evasion,17,9,1,3,0.2,1.0,2001,192.09834,0.10006984
fedavg,adaptive_evasion,18,9,1,3,0.2,1.0,2001,230.43748,0.10001983
fedavg,adaptive_evasion,19,9,1,3,0.2,1.0,2001,276.67496,0.100061536
fedavg,adaptive_evasion,0,9,1,3,0.2,1.0,3001,8.542523,0.10065363
fedavg,adaptive_evasion,1,9,1,3,0.2,1.0,3001,10.160955,0.09943101
fedavg,adaptive_evasion,2,9,1,3,0.2,1.0,3001,12.451946,0.10125541
fedavg,adaptive_evasion,3,9,1,3,0.2,1.0,3001,14.712415,0.09946388
fedavg,adaptive_evasion,4,9,1,3,0.2,1.0,3001,17.75888,0.09985482
fedavg,adaptive_evasion,5,9,1,3,0.2,1.0,3001,21.33909,0.099826016
fedavg,adaptive_evasion,6,9,1,3,0.2,1.0,3001,25.614403,0.09972055
fedavg,adaptive_evasion,7,9,1,3,0.2,1.0,3001,30.758854,0.09967851
fedavg,adaptive_evasion,8,9,1,3,0.2,1.0,3001,37.025146,0.09989432
fedavg,adaptive_evasion,9,9,1,3,0.2,1.0,3001,44.63,0.10026551
fedavg,adaptive_evasion,10,9,1,3,0.2,1.0,3001,53.56559,0.10021845
fedavg,adaptive_evasion,11,9,1,3,0.2,1.0,3001,64.03081,0.099778056
fedavg,adaptive_evasion,12,9,1,3,0.2,1.0,3001,77.16559,0.100159734
fedavg,adaptive_evasion,13,9,1,3,0.2,1.0,3001,92.42693,0.09993649
fedavg,adaptive_evasion,14,9,1,3,0.2,1.0,3001,110.981255,0.099967405
fedavg,adaptive_evasion,15,9,1,3,0.2,1.0,3001,133.17938,0.09994281
fedavg,adaptive_evasion,16,9,1,3,0.2,1.0,3001,159.99353,0.10003263
fedavg,adaptive_evasion,17,9,1,3,0.2,1.0,3001,192.21703,0.10013167
fedavg,adaptive_evasion,18,9,1,3,0.2,1.0,3001,230.38327,0.0999963
fedavg,adaptive_evasion,19,9,1,3,0.2,1.0,3001,276.629,0.10004491
fedavg,adaptive_evasion,0,9,1,3,0.2,1.0,4001,8.439473,0.09943943
fedavg,adaptive_evasion,1,9,1,3,0.2,1.0,4001,10.234309,0.10014882
fedavg,adaptive_evasion,2,9,1,3,0.2,1.0,4001,12.281649,0.0998706
fedavg,adaptive_evasion,3,9,1,3,0.2,1.0,4001,14.801084,0.10006333
fedavg,adaptive_evasion,4,9,1,3,0.2,1.0,4001,17.817822,0.100186236
fedavg,adaptive_evasion,5,9,1,3,0.2,1.0,4001,21.482273,0.10049584
fedavg,adaptive_evasion,6,9,1,3,0.2,1.0,4001,25.677557,0.09996642
fedavg,adaptive_evasion,7,9,1,3,0.2,1.0,4001,30.911905,0.100174494
fedavg,adaptive_evasion,8,9,1,3,0.2,1.0,4001,37.132557,0.10018411
fedavg,adaptive_evasion,9,9,1,3,0.2,1.0,4001,44.554604,0.10009613
fedavg,adaptive_evasion,10,9,1,3,0.2,1.0,4001,53.43035,0.09996543
fedavg,adaptive_evasion,11,9,1,3,0.2,1.0,4001,64.14679,0.09995879
fedavg,adaptive_evasion,12,9,1,3,0.2,1.0,4001,77.1057,0.100082
fedavg,adaptive_evasion,13,9,1,3,0.2,1.0,4001,92.61243,0.100137055
fedavg,adaptive_evasion,14,9,1,3,0.2,1.0,4001,110.97006,0.09995732
fedavg,adaptive_evasion,15,9,1,3,0.2,1.0,4001,133.19608,0.099955335
fedavg,adaptive_evasion,16,9,1,3,0.2,1.0,4001,159.8549,0.099945955
fedavg,adaptive_evasion,17,9,1,3,0.2,1.0,4001,191.90776,0.099970564
fedavg,adaptive_evasion,18,9,1,3,0.2,1.0,4001,230.45496,0.10002741
fedavg,adaptive_evasion,19,9,1,3,0.2,1.0,4001,276.50238,0.09999912
dss_fedavg,adaptive_evasion,0,9,1,3,0.2,1.0,1,8.50353,0.100194186
dss_fedavg,adaptive_evasion,1,9,1,3,0.2,1.0,1,0.23779199,0.0023269365
dss_fedavg,adaptive_evasion,2,9,1,3,0.2,1.0,1,8.976786,0.07299647
dss_fedavg,adaptive_evasion,3,9,1,3,0.2,1.0,1,15.817984,0.10693812
dss_fedavg,adaptive_evasion,4,9,1,3,0.2,1.0,1,19.416513,0.10917538
dss_fedavg,adaptive_evasion,5,9,1,3,0.2,1.0,1,10.75088,0.0502935
dss_fedavg,adaptive_evasion,6,9,1,3,0.2,1.0,1,24.723568,0.096252404
dss_fedavg,adaptive_evasion,7,9,1,3,0.2,1.0,1,7.391287,0.023952533
dss_fedavg,adaptive_evasion,8,9,1,3,0.2,1.0,1,16.382383,0.04419988
dss_fedavg,adaptive_evasion,9,9,1,3,0.2,1.0,1,15.795221,0.035485458
dss_fedavg,adaptive_evasion,10,9,1,3,0.2,1.0,1,23.51744,0.043999918
dss_fedavg,adaptive_evasion,11,9,1,3,0.2,1.0,1,35.8824,0.0559149
dss_fedavg,adaptive_evasion,12,9,1,3,0.2,1.0,1,68.34984,0.08871703
dss_fedavg,adaptive_evasion,13,9,1,3,0.2,1.0,1,79.40793,0.08585971
dss_fedavg,adaptive_evasion,14,9,1,3,0.2,1.0,1,80.08641,0.072138585
dss_fedavg,adaptive_evasion,15,9,1,3,0.2,1.0,1,108.76773,0.08162339
dss_fedavg,adaptive_evasion,16,9,1,3,0.2,1.0,1,109.524506,0.06847792
dss_fedavg,adaptive_evasion,17,9,1,3,0.2,1.0,1,102.45974,0.05337438
dss_fedavg,adaptive_evasion,18,9,1,3,0.2,1.0,1,92.33617,0.040077887
dss_fedavg,adaptive_evasion,19,9,1,3,0.2,1.0,1,153.49927,0.055514142
dss_fedavg,adaptive_evasion,0,9,1,3,0.2,1.0,1001,8.416716,0.09917129
dss_fedavg,adaptive_evasion,1,9,1,3,0.2,1.0,1001,0.29113176,0.002848898
dss_fedavg,adaptive_evasion,2,9,1,3,0.2,1.0,1001,0.45269573,0.0036811829
dss_fedavg,adaptive_evasion,3,9,1,3,0.2,1.0,1001,5.195394,0.035123672
dss_fedavg,adaptive_evasion,4,9,1,3,0.2,1.0,1001,6.509304,0.036600582
dss_fedavg,adaptive_evasion,5,9,1,3,0.2,1.0,1001,10.779349,0.05042668
dss_fedavg,adaptive_evasion,6,9,1,3,0.2,1.0,1001,13.697835,0.053327642
dss_fedavg,adaptive_evasion,7,9,1,3,0.2,1.0,1001,19.381191,0.06280755
dss_fedavg,adaptive_evasion,8,9,1,3,0.2,1.0,1001,17.809925,0.048051406
dss_fedavg,adaptive_evasion,9,9,1,3,0.2,1.0,1001,26.420448,0.059356034
dss_fedavg,adaptive_evasion,10,9,1,3,0.2,1.0,1001,41.316364,0.07730079
dss_fedavg,adaptive_evasion,11,9,1,3,0.2,1.0,1001,59.476494,0.092681155
dss_fedavg,adaptive_evasion,12,9,1,3,0.2,1.0,1001,55.552982,0.07210691
dss_fedavg,adaptive_evasion,13,9,1,3,0.2,1.0,1001,78.9738,0.085390314
dss_fedavg,adaptive_evasion,14,9,1,3,0.2,1.0,1001,65.07732,0.058619
dss_fedavg,adaptive_evasion,15,9,1,3,0.2,1.0,1001,26.899006,0.020186024
dss_fedavg,adaptive_evasion,16,9,1,3,0.2,1.0,1001,23.692253,0.014813089
dss_fedavg,adaptive_evasion,17,9,1,3,0.2,1.0,1001,66.29736,0.034536302
dss_fedavg,adaptive_evasion,18,9,1,3,0.2,1.0,1001,164.78386,0.071523316
dss_fedavg,adaptive_evasion,19,9,1,3,0.2,1.0,1001,153.7266,0.055596355
dss_fedavg,adaptive_evasion,0,9,1,3,0.2,1.0,2001,8.529858,0.1005044
dss_fedavg,adaptive_evasion,1,9,1,3,0.2,1.0,2001,0.21264037,0.002080813
dss_fedavg,adaptive_evasion,2,9,1,3,0.2,1.0,2001,1.6084158,0.013079144
dss_fedavg,adaptive_evasion,3,9,1,3,0.2,1.0,2001,6.370927,0.043070912
dss_fedavg,adaptive_evasion,4,9,1,3,0.2,1.0,2001,8.765266,0.049285434
dss_fedavg,adaptive_evasion,5,9,1,3,0.2,1.0,2001,7.3061466,0.034178752
dss_fedavg,adaptive_evasion,6,9,1,3,0.2,1.0,2001,9.522899,0.037074015
dss_fedavg,adaptive_evasion,7,9,1,3,0.2,1.0,2001,7.5751266,0.024548292
dss_fedavg,adaptive_evasion,8,9,1,3,0.2,1.0,2001,6.463566,0.017438784
dss_fedavg,adaptive_evasion,9,9,1,3,0.2,1.0,2001,4.9179907,0.01104873
dss_fedavg,adaptive_evasion,10,9,1,3,0.2,1.0,2001,4.961835,0.009283337
dss_fedavg,adaptive_evasion,11,9,1,3,0.2,1.0,2001,19.428404,0.030274933
dss_fedavg,adaptive_evasion,12,9,1,3,0.2,1.0,2001,5.671709,0.00736179
dss_fedavg,adaptive_evasion,13,9,1,3,0.2,1.0,2001,18.07738,0.019546142
dss_fedavg,adaptive_evasion,14,9,1,3,0.2,1.0,2001,34.84623,0.031388067
dss_fedavg,adaptive_evasion,15,9,1,3,0.2,1.0,2001,55.16952,0.041401282
dss_fedavg,adaptive_evasion,16,9,1,3,0.2,1.0,2001,42.62852,0.026652597
dss_fedavg,adaptive_evasion,17,9,1,3,0.2,1.0,2001,96.34276,0.05018786
dss_fedavg,adaptive_evasion,18,9,1,3,0.2,1.0,2001,297.38516,0.12907802
dss_fedavg,adaptive_evasion,19,9,1,3,0.2,1.0,2001,74.85895,0.02707329
dss_fedavg,adaptive_evasion,0,9,1,3,0.2,1.0,3001,8.542523,0.10065363
dss_fedavg,adaptive_evasion,1,9,1,3,0.2,1.0,3001,0.30507693,0.0029853599
dss_fedavg,adaptive_evasion,2,9,1,3,0.2,1.0,3001,2.9879153,0.02429681
dss_fedavg,adaptive_evasion,3,9,1,3,0.2,1.0,3001,9.035832,0.061087113
dss_fedavg,adaptive_evasion,4,9,1,3,0.2,1.0,3001,11.070877,0.062249444
dss_fedavg,adaptive_evasion,5,9,1,3,0.2,1.0,3001,10.274092,0.048063044
dss_fedavg,adaptive_evasion,6,9,1,3,0.2,1.0,3001,25.51381,0.09932893
dss_fedavg,adaptive_evasion,7,9,1,3,0.2,1.0,3001,31.909613,0.10340771
dss_fedavg,adaptive_evasion,8,9,1,3,0.2,1.0,3001,7.9267735,0.021386538
dss_fedavg,adaptive_evasion,9,9,1,3,0.2,1.0,3001,16.333067,0.036693778
dss_fedavg,adaptive_evasion,10,9,1,3,0.2,1.0,3001,42.65336,0.07980223
dss_fedavg,adaptive_evasion,11,9,1,3,0.2,1.0,3001,46.123787,0.071873866
dss_fedavg,adaptive_evasion,12,9,1,3,0.2,1.0,3001,28.13473,0.036518443
dss_fedavg,adaptive_evasion,13,9,1,3,0.2,1.0,3001,24.409006,0.026392203
dss_fedavg,adaptive_evasion,14,9,1,3,0.2,1.0,3001,56.297264,0.050710287
dss_fedavg,adaptive_evasion,15,9,1,3,0.2,1.0,3001,42.480957,0.031879306
dss_fedavg,adaptive_evasion,16,9,1,3,0.2,1.0,3001,50.665916,0.031677812
dss_fedavg,adaptive_evasion,17,9,1,3,0.2,1.0,3001,73.363,0.038217008
dss_fedavg,adaptive_evasion,18,9,1,3,0.2,1.0,3001,60.644093,0.026322158
dss_fedavg,adaptive_evasion,19,9,1,3,0.2,1.0,3001,141.91922,0.05132613
dss_fedavg,adaptive_evasion,0,9,1,3,0.2,1.0,4001,8.439473,0.09943943
dss_fedavg,adaptive_evasion,1,9,1,3,0.2,1.0,4001,0.28567842,0.0027955337
dss_fedavg,adaptive_evasion,2,9,1,3,0.2,1.0,4001,8.72279,0.070931055
dss_fedavg,adaptive_evasion,3,9,1,3,0.2,1.0,4001,8.733545,0.05904349
dss_fedavg,adaptive_evasion,4,9,1,3,0.2,1.0,4001,6.6328473,0.037295245
dss_fedavg,adaptive_evasion,5,9,1,3,0.2,1.0,4001,10.53427,0.04928018
dss_fedavg,adaptive_evasion,6,9,1,3,0.2,1.0,4001,14.244817,0.055457123
dss_fedavg,adaptive_evasion,7,9,1,3,0.2,1.0,4001,15.240349,0.04938855
dss_fedavg,adaptive_evasion,8,9,1,3,0.2,1.0,4001,40.27633,0.108666055
dss_fedavg,adaptive_evasion,9,9,1,3,0.2,1.0,4001,19.768532,0.044411875
dss_fedavg,adaptive_evasion,10,9,1,3,0.2,1.0,4001,15.112993,0.028275631
dss_fedavg,adaptive_evasion,11,9,1,3,0.2,1.0,4001,9.874701,0.015387569
dss_fedavg,adaptive_evasion,12,9,1,3,0.2,1.0,4001,27.830801,0.036123946
dss_fedavg,adaptive_evasion,13,9,1,3,0.2,1.0,4001,29.92155,0.032352634
dss_fedavg,adaptive_evasion,14,9,1,3,0.2,1.0,4001,24.62135,0.02217791
dss_fedavg,adaptive_evasion,15,9,1,3,0.2,1.0,4001,33.91127,0.02544829
dss_fedavg,adaptive_evasion,16,9,1,3,0.2,1.0,4001,20.561447,0.012855617
dss_fedavg,adaptive_evasion,17,9,1,3,0.2,1.0,4001,22.273567,0.011602975
dss_fedavg,adaptive_evasion,18,9,1,3,0.2,1.0,4001,37.69232,0.016360097
dss_fedavg,adaptive_evasion,19,9,1,3,0.2,1.0,4001,51.47739,0.018617177
krum,adaptive_evasion,0,9,1,3,0.2,1.0,1,0.29861993,0.0035185365
krum,adaptive_evasion,1,9,1,3,0.2,1.0,1,0.3879176,0.0037960052
krum,adaptive_evasion,2,9,1,3,0.2,1.0,1,0.22852731,0.001858314
krum,adaptive_evasion,3,9,1,3,0.2,1.0,1,0.4022157,0.0027191956
krum,adaptive_evasion,4,9,1,3,0.2,1.0,1,0.46331763,0.0026051472
krum,adaptive_evasion,5,9,1,3,0.2,1.0,1,0.37281993,0.0017440822
krum,adaptive_evasion,6,9,1,3,0.2,1.0,1,0.29438955,0.0011461008
krum,adaptive_evasion,7,9,1,3,0.2,1.0,1,0.26334447,0.0008534058
krum,adaptive_evasion,8,9,1,3,0.2,1.0,1,0.2603167,0.0007023378
krum,adaptive_evasion,9,9,1,3,0.2,1.0,1,0.29907483,0.0006718999
krum,adaptive_evasion,10,9,1,3,0.2,1.0,1,0.51315945,0.00096009485
krum,adaptive_evasion,11,9,1,3,0.2,1.0,1,0.34140223,0.00053200097
krum,adaptive_evasion,12,9,1,3,0.2,1.0,1,0.19943902,0.00025886876
krum,adaptive_evasion,13,9,1,3,0.2,1.0,1,0.33904147,0.00036658812
krum,adaptive_evasion,14,9,1,3,0.2,1.0,1,0.5628018,0.00050694897
krum,adaptive_evasion,15,9,1,3,0.2,1.0,1,0.35295027,0.00026486715
krum,adaptive_evasion,16,9,1,3,0.2,1.0,1,0.3948724,0.00024688576
krum,adaptive_evasion,17,9,1,3,0.2,1.0,1,0.23228851,0.00012100612
krum,adaptive_evasion,18,9,1,3,0.2,1.0,1,0.25847915,0.00011219113
krum,adaptive_evasion,19,9,1,3,0.2,1.0,1,0.21981928,7.949926e-05
krum,adaptive_evasion,0,9,1,3,0.2,1.0,1001,0.16645326,0.001961262
krum,adaptive_evasion,1,9,1,3,0.2,1.0,1001,0.24568477,0.002404172
krum,adaptive_evasion,2,9,1,3,0.2,1.0,1001,0.22888859,0.0018612518
krum,adaptive_evasion,3,9,1,3,0.2,1.0,1001,0.6076259,0.00410788
krum,adaptive_evasion,4,9,1,3,0.2,1.0,1001,0.46483585,0.002613684
krum,adaptive_evasion,5,9,1,3,0.2,1.0,1001,0.54728705,0.0025602537
krum,adaptive_evasion,6,9,1,3,0.2,1.0,1001,0.4003571,0.0015586477
krum,adaptive_evasion,7,9,1,3,0.2,1.0,1001,0.19864288,0.0006437309
krum,adaptive_evasion,8,9,1,3,0.2,1.0,1001,0.10229416,0.00027599095
krum,adaptive_evasion,9,9,1,3,0.2,1.0,1001,0.37820598,0.00084967545
krum,adaptive_evasion,10,9,1,3,0.2,1.0,1001,0.2804325,0.0005246747
krum,adaptive_evasion,11,9,1,3,0.2,1.0,1001,0.28739387,0.0004478407
krum,adaptive_evasion,12,9,1,3,0.2,1.0,1001,0.27972367,0.00036307698
krum,adaptive_evasion,13,9,1,3,0.2,1.0,1001,0.23782703,0.00025715015
krum,adaptive_evasion,14,9,1,3,0.2,1.0,1001,0.18068449,0.00016275325
krum,adaptive_evasion,15,9,1,3,0.2,1.0,1001,0.2265616,0.00017002034
krum,adaptive_evasion,16,9,1,3,0.2,1.0,1001,0.40057808,0.00025045313
krum,adaptive_evasion,17,9,1,3,0.2,1.0,1001,0.21019493,0.000109496905
krum,adaptive_evasion,18,9,1,3,0.2,1.0,1001,0.28859493,0.00012526268
krum,adaptive_evasion,19,9,1,3,0.2,1.0,1001,0.36760324,0.00013294641
krum,adaptive_evasion,0,9,1,3,0.2,1.0,2001,0.29126975,0.0034319318
krum,adaptive_evasion,1,9,1,3,0.2,1.0,2001,0.3292758,0.00322216
krum,adaptive_evasion,2,9,1,3,0.2,1.0,2001,0.3012571,0.0024497304
krum,adaptive_evasion,3,9,1,3,0.2,1.0,2001,0.16976169,0.0011476808
krum,adaptive_evasion,4,9,1,3,0.2,1.0,2001,0.36148393,0.0020325556
krum,adaptive_evasion,5,9,1,3,0.2,1.0,2001,0.3990603,0.0018668369
krum,adaptive_evasion,6,9,1,3,0.2,1.0,2001,0.2913096,0.0011341101
krum,adaptive_evasion,7,9,1,3,0.2,1.0,2001,0.2793725,0.000905347
krum,adaptive_evasion,8,9,1,3,0.2,1.0,2001,0.06556032,0.00017688258
krum,adaptive_evasion,9,9,1,3,0.2,1.0,2001,0.33082277,0.0007432246
krum,adaptive_evasion,10,9,1,3,0.2,1.0,2001,0.20874849,0.00039055766
krum,adaptive_evasion,11,9,1,3,0.2,1.0,2001,0.47246543,0.00073623436
krum,adaptive_evasion,12,9,1,3,0.2,1.0,2001,0.10289896,0.00013356126
krum,adaptive_evasion,13,9,1,3,0.2,1.0,2001,0.27210334,0.00029421135
krum,adaptive_evasion,14,9,1,3,0.2,1.0,2001,0.35520282,0.00031995226
krum,adaptive_evasion,15,9,1,3,0.2,1.0,2001,0.21052183,0.0001579835
krum,adaptive_evasion,16,9,1,3,0.2,1.0,2001,0.266199,0.00016643539
krum,adaptive_evasion,17,9,1,3,0.2,1.0,2001,0.13482744,7.023569e-05
krum,adaptive_evasion,18,9,1,3,0.2,1.0,2001,0.17029822,7.391679e-05
krum,adaptive_evasion,19,9,1,3,0.2,1.0,2001,0.44943163,0.00016254025
krum,adaptive_evasion,0,9,1,3,0.2,1.0,3001,0.25635785,0.003020577
krum,adaptive_evasion,1,9,1,3,0.2,1.0,3001,0.39238477,0.003839719
krum,adaptive_evasion,2,9,1,3,0.2,1.0,3001,0.28589442,0.0023248058
krum,adaptive_evasion,3,9,1,3,0.2,1.0,3001,0.3875281,0.0026198996
krum,adaptive_evasion,4,9,1,3,0.2,1.0,3001,0.1783196,0.0010026573
krum,adaptive_evasion,5,9,1,3,0.2,1.0,3001,0.20347826,0.000951888
krum,adaptive_evasion,6,9,1,3,0.2,1.0,3001,0.26794896,0.0010431638
krum,adaptive_evasion,7,9,1,3,0.2,1.0,3001,0.32204407,0.0010436303
krum,adaptive_evasion,8,9,1,3,0.2,1.0,3001,0.41345084,0.0011154957
krum,adaptive_evasion,9,9,1,3,0.2,1.0,3001,0.28971267,0.0006508669
krum,adaptive_evasion,10,9,1,3,0.2,1.0,3001,0.17234446,0.0003224476
krum,adaptive_evasion,11,9,1,3,0.2,1.0,3001,0.52178663,0.0008130907
krum,adaptive_evasion,12,9,1,3,0.2,1.0,3001,0.1466147,0.0001903036
krum,adaptive_evasion,13,9,1,3,0.2,1.0,3001,0.2416306,0.00026126276
krum,adaptive_evasion,14,9,1,3,0.2,1.0,3001,0.4802889,0.0004326247
krum,adaptive_evasion,15,9,1,3,0.2,1.0,3001,0.355309,0.00026663722
krum,adaptive_evasion,16,9,1,3,0.2,1.0,3001,0.3194902,0.0001997546
krum,adaptive_evasion,17,9,1,3,0.2,1.0,3001,0.3595727,0.00018731231
krum,adaptive_evasion,18,9,1,3,0.2,1.0,3001,0.08774578,3.808546e-05
krum,adaptive_evasion,19,9,1,3,0.2,1.0,3001,0.32685292,0.000118208765
krum,adaptive_evasion,0,9,1,3,0.2,1.0,4001,0.44883117,0.0052884244
krum,adaptive_evasion,1,9,1,3,0.2,1.0,4001,0.0701128,0.0006860956
krum,adaptive_evasion,2,9,1,3,0.2,1.0,4001,0.24072921,0.0019575362
krum,adaptive_evasion,3,9,1,3,0.2,1.0,4001,0.31393534,0.0021223726
krum,adaptive_evasion,4,9,1,3,0.2,1.0,4001,0.32085848,0.0018041264
krum,adaptive_evasion,5,9,1,3,0.2,1.0,4001,0.40144774,0.0018780055
krum,adaptive_evasion,6,9,1,3,0.2,1.0,4001,0.440541,0.0017150894
krum,adaptive_evasion,7,9,1,3,0.2,1.0,4001,0.16424228,0.00053225085
krum,adaptive_evasion,8,9,1,3,0.2,1.0,4001,0.37192783,0.0010034661
krum,adaptive_evasion,9,9,1,3,0.2,1.0,4001,0.20409724,0.00045852372
krum,adaptive_evasion,10,9,1,3,0.2,1.0,4001,0.067562744,0.0001264064
krum,adaptive_evasion,11,9,1,3,0.2,1.0,4001,0.20453368,0.00031872117
krum,adaptive_evasion,12,9,1,3,0.2,1.0,4001,0.28902102,0.0003751448
krum,adaptive_evasion,13,9,1,3,0.2,1.0,4001,0.21608566,0.00023364232
krum,adaptive_evasion,14,9,1,3,0.2,1.0,4001,0.31876493,0.00028713048
krum,adaptive_evasion,15,9,1,3,0.2,1.0,4001,0.4208688,0.00031583576
krum,adaptive_evasion,16,9,1,3,0.2,1.0,4001,0.14624308,9.1435446e-05
krum,adaptive_evasion,17,9,1,3,0.2,1.0,4001,0.29602408,0.00015420791
krum,adaptive_evasion,18,9,1,3,0.2,1.0,4001,0.48746258,0.00021157983
krum,adaptive_evasion,19,9,1,3,0.2,1.0,4001,0.31404382,0.00011357626
dss_krum,adaptive_evasion,0,9,1,3,0.2,1.0,1,0.29861993,0.0035185365
dss_krum,adaptive_evasion,1,9,1,3,0.2,1.0,1,0.3879176,0.0037960052
dss_krum,adaptive_evasion,2,9,1,3,0.2,1.0,1,0.22852731,0.001858314
dss_krum,adaptive_evasion,3,9,1,3,0.2,1.0,1,0.4022157,0.0027191956
dss_krum,adaptive_evasion,4,9,1,3,0.2,1.0,1,0.46331763,0.0026051472
dss_krum,adaptive_evasion,5,9,1,3,0.2,1.0,1,0.37281993,0.0017440822
dss_krum,adaptive_evasion,6,9,1,3,0.2,1.0,1,0.29438955,0.0011461008
dss_krum,adaptive_evasion,7,9,1,3,0.2,1.0,1,0.26334447,0.0008534058
dss_krum,adaptive_evasion,8,9,1,3,0.2,1.0,1,0.2603167,0.0007023378
dss_krum,adaptive_evasion,9,9,1,3,0.2,1.0,1,0.29907483,0.0006718999
dss_krum,adaptive_evasion,10,9,1,3,0.2,1.0,1,0.51315945,0.00096009485
dss_krum,adaptive_evasion,11,9,1,3,0.2,1.0,1,0.34140223,0.00053200097
dss_krum,adaptive_evasion,12,9,1,3,0.2,1.0,1,0.19943902,0.00025886876
dss_krum,adaptive_evasion,13,9,1,3,0.2,1.0,1,0.33904147,0.00036658812
dss_krum,adaptive_evasion,14,9,1,3,0.2,1.0,1,0.5628018,0.00050694897
dss_krum,adaptive_evasion,15,9,1,3,0.2,1.0,1,0.35295027,0.00026486715
dss_krum,adaptive_evasion,16,9,1,3,0.2,1.0,1,0.3948724,0.00024688576
dss_krum,adaptive_evasion,17,9,1,3,0.2,1.0,1,0.23228851,0.00012100612
dss_krum,adaptive_evasion,18,9,1,3,0.2,1.0,1,0.25847915,0.00011219113
dss_krum,adaptive_evasion,19,9,1,3,0.2,1.0,1,0.21981928,7.949926e-05
dss_krum,adaptive_evasion,0,9,1,3,0.2,1.0,1001,0.16645326,0.001961262
dss_krum,adaptive_evasion,1,9,1,3,0.2,1.0,1001,0.24568477,0.002404172
dss_krum,adaptive_evasion,2,9,1,3,0.2,1.0,1001,0.22888859,0.0018612518
dss_krum,adaptive_evasion,3,9,1,3,0.2,1.0,1001,0.6076259,0.00410788
dss_krum,adaptive_evasion,4,9,1,3,0.2,1.0,1001,0.46483585,0.002613684
dss_krum,adaptive_evasion,5,9,1,3,0.2,1.0,1001,0.54728705,0.0025602537
dss_krum,adaptive_evasion,6,9,1,3,0.2,1.0,1001,0.4003571,0.0015586477
dss_krum,adaptive_evasion,7,9,1,3,0.2,1.0,1001,0.19864288,0.0006437309
dss_krum,adaptive_evasion,8,9,1,3,0.2,1.0,1001,0.10229416,0.00027599095
dss_krum,adaptive_evasion,9,9,1,3,0.2,1.0,1001,0.37820598,0.00084967545
dss_krum,adaptive_evasion,10,9,1,3,0.2,1.0,1001,0.2804325,0.0005246747
dss_krum,adaptive_evasion,11,9,1,3,0.2,1.0,1001,0.28739387,0.0004478407
dss_krum,adaptive_evasion,12,9,1,3,0.2,1.0,1001,0.27972367,0.00036307698
dss_krum,adaptive_evasion,13,9,1,3,0.2,1.0,1001,0.23782703,0.00025715015
dss_krum,adaptive_evasion,14,9,1,3,0.2,1.0,1001,0.18068449,0.00016275325
dss_krum,adaptive_evasion,15,9,1,3,0.2,1.0,1001,0.2265616,0.00017002034
dss_krum,adaptive_evasion,16,9,1,3,0.2,1.0,1001,0.40057808,0.00025045313
dss_krum,adaptive_evasion,17,9,1,3,0.2,1.0,1001,0.21019493,0.000109496905
dss_krum,adaptive_evasion,18,9,1,3,0.2,1.0,1001,0.28859493,0.00012526268
dss_krum,adaptive_evasion,19,9,1,3,0.2,1.0,1001,0.36760324,0.00013294641
dss_krum,adaptive_evasion,0,9,1,3,0.2,1.0,2001,0.29126975,0.0034319318
dss_krum,adaptive_evasion,1,9,1,3,0.2,1.0,2001,0.3292758,0.00322216
dss_krum,adaptive_evasion,2,9,1,3,0.2,1.0,2001,0.3012571,0.0024497304
dss_krum,adaptive_evasion,3,9,1,3,0.2,1.0,2001,0.16976169,0.0011476808
dss_krum,adaptive_evasion,4,9,1,3,0.2,1.0,2001,0.36148393,0.0020325556
dss_krum,adaptive_evasion,5,9,1,3,0.2,1.0,2001,0.3990603,0.0018668369
dss_krum,adaptive_evasion,6,9,1,3,0.2,1.0,2001,0.2913096,0.0011341101
dss_krum,adaptive_evasion,7,9,1,3,0.2,1.0,2001,0.2793725,0.000905347
dss_krum,adaptive_evasion,8,9,1,3,0.2,1.0,2001,0.06556032,0.00017688258
dss_krum,adaptive_evasion,9,9,1,3,0.2,1.0,2001,0.33082277,0.0007432246
dss_krum,adaptive_evasion,10,9,1,3,0.2,1.0,2001,0.20874849,0.00039055766
dss_krum,adaptive_evasion,11,9,1,3,0.2,1.0,2001,0.47246543,0.00073623436
dss_krum,adaptive_evasion,12,9,1,3,0.2,1.0,2001,0.10289896,0.00013356126
dss_krum,adaptive_evasion,13,9,1,3,0.2,1.0,2001,0.27210334,0.00029421135
dss_krum,adaptive_evasion,14,9,1,3,0.2,1.0,2001,0.35520282,0.00031995226
dss_krum,adaptive_evasion,15,9,1,3,0.2,1.0,2001,0.21052183,0.0001579835
dss_krum,adaptive_evasion,16,9,1,3,0.2,1.0,2001,0.266199,0.00016643539
dss_krum,adaptive_evasion,17,9,1,3,0.2,1.0,2001,0.13482744,7.023569e-05
dss_krum,adaptive_evasion,18,9,1,3,0.2,1.0,2001,0.17029822,7.391679e-05
dss_krum,adaptive_evasion,19,9,1,3,0.2,1.0,2001,0.44943163,0.00016254025
dss_krum,adaptive_evasion,0,9,1,3,0.2,1.0,3001,0.25635785,0.003020577
dss_krum,adaptive_evasion,1,9,1,3,0.2,1.0,3001,0.39238477,0.003839719
dss_krum,adaptive_evasion,2,9,1,3,0.2,1.0,3001,0.28589442,0.0023248058
dss_krum,adaptive_evasion,3,9,1,3,0.2,1.0,3001,0.3875281,0.0026198996
dss_krum,adaptive_evasion,4,9,1,3,0.2,1.0,3001,0.1783196,0.0010026573
dss_krum,adaptive_evasion,5,9,1,3,0.2,1.0,3001,0.20347826,0.000951888
dss_krum,adaptive_evasion,6,9,1,3,0.2,1.0,3001,0.26794896,0.0010431638
dss_krum,adaptive_evasion,7,9,1,3,0.2,1.0,3001,0.32204407,0.0010436303
dss_krum,adaptive_evasion,8,9,1,3,0.2,1.0,3001,0.41345084,0.0011154957
dss_krum,adaptive_evasion,9,9,1,3,0.2,1.0,3001,0.28971267,0.0006508669
dss_krum,adaptive_evasion,10,9,1,3,0.2,1.0,3001,0.17234446,0.0003224476
dss_krum,adaptive_evasion,11,9,1,3,0.2,1.0,3001,0.52178663,0.0008130907
dss_krum,adaptive_evasion,12,9,1,3,0.2,1.0,3001,0.1466147,0.0001903036
dss_krum,adaptive_evasion,13,9,1,3,0.2,1.0,3001,0.2416306,0.00026126276
dss_krum,adaptive_evasion,14,9,1,3,0.2,1.0,3001,0.4802889,0.0004326247
dss_krum,adaptive_evasion,15,9,1,3,0.2,1.0,3001,0.355309,0.00026663722
dss_krum,adaptive_evasion,16,9,1,3,0.2,1.0,3001,0.3194902,0.0001997546
dss_krum,adaptive_evasion,17,9,1,3,0.2,1.0,3001,0.3595727,0.00018731231
dss_krum,adaptive_evasion,18,9,1,3,0.2,1.0,3001,0.08774578,3.808546e-05
dss_krum,adaptive_evasion,19,9,1,3,0.2,1.0,3001,0.32685292,0.000118208765
dss_krum,adaptive_evasion,0,9,1,3,0.2,1.0,4001,0.44883117,0.0052884244
dss_krum,adaptive_evasion,1,9,1,3,0.2,1.0,4001,0.0701128,0.0006860956
dss_krum,adaptive_evasion,2,9,1,3,0.2,1.0,4001,0.24072921,0.0019575362
dss_krum,adaptive_evasion,3,9,1,3,0.2,1.0,4001,0.31393534,0.0021223726
dss_krum,adaptive_evasion,4,9,1,3,0.2,1.0,4001,0.32085848,0.0018041264
dss_krum,adaptive_evasion,5,9,1,3,0.2,1.0,4001,0.40144774,0.0018780055
dss_krum,adaptive_evasion,6,9,1,3,0.2,1.0,4001,0.440541,0.0017150894
dss_krum,adaptive_evasion,7,9,1,3,0.2,1.0,4001,0.16424228,0.00053225085
dss_krum,adaptive_evasion,8,9,1,3,0.2,1.0,4001,0.37192783,0.0010034661
dss_krum,adaptive_evasion,9,9,1,3,0.2,1.0,4001,0.20409724,0.00045852372
dss_krum,adaptive_evasion,10,9,1,3,0.2,1.0,4001,0.067562744,0.0001264064
dss_krum,adaptive_evasion,11,9,1,3,0.2,1.0,4001,0.20453368,0.00031872117
dss_krum,adaptive_evasion,12,9,1,3,0.2,1.0,4001,0.28902102,0.0003751448
dss_krum,adaptive_evasion,13,9,1,3,0.2,1.0,4001,0.21608566,0.00023364232
dss_krum,adaptive_evasion,14,9,1,3,0.2,1.0,4001,0.31876493,0.00028713048
dss_krum,adaptive_evasion,15,9,1,3,0.2,1.0,4001,0.4208688,0.00031583576
dss_krum,adaptive_evasion,16,9,1,3,0.2,1.0,4001,0.14624308,9.1435446e-05
dss_krum,adaptive_evasion,17,9,1,3,0.2,1.0,4001,0.29602408,0.00015420791
dss_krum,adaptive_evasion,18,9,1,3,0.2,1.0,4001,0.48746258,0.00021157983
dss_krum,adaptive_evasion,19,9,1,3,0.2,1.0,4001,0.31404382,0.00011357626
foolsgold,adaptive_evasion,0,9,1,3,0.2,1.0,1,1.5534024,0.01830321
foolsgold,adaptive_evasion,1,9,1,3,0.2,1.0,1,1.5178956,0.014853514
foolsgold,adaptive_evasion,2,9,1,3,0.2,1.0,1,1.1959089,0.009724764
foolsgold,adaptive_evasion,3,9,1,3,0.2,1.0,1,1.3270727,0.008971729
foolsgold,adaptive_evasion,4,9,1,3,0.2,1.0,1,1.39431,0.007839941
foolsgold,adaptive_evasion,5,9,1,3,0.2,1.0,1,1.3487223,0.006309434
foolsgold,adaptive_evasion,6,9,1,3,0.2,1.0,1,1.2927912,0.0050330223
foolsgold,adaptive_evasion,7,9,1,3,0.2,1.0,1,1.1807988,0.003826549
foolsgold,adaptive_evasion,8,9,1,3,0.2,1.0,1,36.45151,0.09834664
foolsgold,adaptive_evasion,9,9,1,3,0.2,1.0,1,43.968494,0.09877937
foolsgold,adaptive_evasion,10,9,1,3,0.2,1.0,1,1.4812311,0.002771307
foolsgold,adaptive_evasion,11,9,1,3,0.2,1.0,1,1.3333961,0.0020778072
foolsgold,adaptive_evasion,12,9,1,3,0.2,1.0,1,1.3895012,0.001803551
foolsgold,adaptive_evasion,13,9,1,3,0.2,1.0,1,0.9248699,0.0010000143
foolsgold,adaptive_evasion,14,9,1,3,0.2,1.0,1,0.95658475,0.00086165266
foolsgold,adaptive_evasion,15,9,1,3,0.2,1.0,1,1.2712831,0.0009540186
foolsgold,adaptive_evasion,16,9,1,3,0.2,1.0,1,1.2077156,0.00075509906
foolsgold,adaptive_evasion,17,9,1,3,0.2,1.0,1,1.2553946,0.000653973
foolsgold,adaptive_evasion,18,9,1,3,0.2,1.0,1,1.4412841,0.0006255796
foolsgold,adaptive_evasion,19,9,1,3,0.2,1.0,1,1.5529135,0.0005616226
foolsgold,adaptive_evasion,0,9,1,3,0.2,1.0,1001,1.5780144,0.018593205
foolsgold,adaptive_evasion,1,9,1,3,0.2,1.0,1001,1.5690718,0.015354304
foolsgold,adaptive_evasion,2,9,1,3,0.2,1.0,1001,1.4570625,0.011848385
foolsgold,adaptive_evasion,3,9,1,3,0.2,1.0,1001,0.92611617,0.006261046
foolsgold,adaptive_evasion,4,9,1,3,0.2,1.0,1001,1.4490824,0.008147916
foolsgold,adaptive_evasion,5,9,1,3,0.2,1.0,1001,1.3449396,0.006291738
foolsgold,adaptive_evasion,6,9,1,3,0.2,1.0,1001,1.5932109,0.0062025995
foolsgold,adaptive_evasion,7,9,1,3,0.2,1.0,1001,1.6029193,0.0051944917
foolsgold,adaptive_evasion,8,9,1,3,0.2,1.0,1001,1.4332736,0.0038669906
foolsgold,adaptive_evasion,9,9,1,3,0.2,1.0,1001,1.2377995,0.0027808335
foolsgold,adaptive_evasion,10,9,1,3,0.2,1.0,1001,1.5509617,0.0029017695
foolsgold,adaptive_evasion,11,9,1,3,0.2,1.0,1001,1.5108278,0.0023542957
foolsgold,adaptive_evasion,12,9,1,3,0.2,1.0,1001,1.3626238,0.0017686646
foolsgold,adaptive_evasion,13,9,1,3,0.2,1.0,1001,1.5119047,0.0016347448
foolsgold,adaptive_evasion,14,9,1,3,0.2,1.0,1001,1.4652104,0.001319802
foolsgold,adaptive_evasion,15,9,1,3,0.2,1.0,1001,1.3068513,0.0009807103
foolsgold,adaptive_evasion,16,9,1,3,0.2,1.0,1001,1.4410079,0.0009009602
foolsgold,adaptive_evasion,17,9,1,3,0.2,1.0,1001,1.5470849,0.00080592337
foolsgold,adaptive_evasion,18,9,1,3,0.2,1.0,1001,1.4877945,0.00064576714
foolsgold,adaptive_evasion,19,9,1,3,0.2,1.0,1001,1.1746973,0.00042483793
foolsgold,adaptive_evasion,0,9,1,3,0.2,1.0,2001,1.5708126,0.018508349
foolsgold,adaptive_evasion,1,9,1,3,0.2,1.0,2001,1.072549,0.010495531
foolsgold,adaptive_evasion,2,9,1,3,0.2,1.0,2001,1.5687615,0.012756688
foolsgold,adaptive_evasion,3,9,1,3,0.2,1.0,2001,1.5237736,0.010301533
foolsgold,adaptive_evasion,4,9,1,3,0.2,1.0,2001,16.975422,0.09544958
foolsgold,adaptive_evasion,5,9,1,3,0.2,1.0,2001,9.310521,0.043555383
foolsgold,adaptive_evasion,6,9,1,3,0.2,1.0,2001,1.1290735,0.0043956456
foolsgold,adaptive_evasion,7,9,1,3,0.2,1.0,2001,1.2555548,0.004068807
foolsgold,adaptive_evasion,8,9,1,3,0.2,1.0,2001,35.67535,0.09625255
foolsgold,adaptive_evasion,9,9,1,3,0.2,1.0,2001,0.80748993,0.0018141024
foolsgold,adaptive_evasion,10,9,1,3,0.2,1.0,2001,1.1794132,0.0022066212
foolsgold,adaptive_evasion,11,9,1,3,0.2,1.0,2001,1.1842773,0.001845438
foolsgold,adaptive_evasion,12,9,1,3,0.2,1.0,2001,1.4650424,0.0019016023
foolsgold,adaptive_evasion,13,9,1,3,0.2,1.0,2001,1.3398525,0.0014487136
foolsgold,adaptive_evasion,14,9,1,3,0.2,1.0,2001,1.8225447,0.0016416742
foolsgold,adaptive_evasion,15,9,1,3,0.2,1.0,2001,1.3519984,0.0010145904
foolsgold,adaptive_evasion,16,9,1,3,0.2,1.0,2001,1.5031618,0.00093982066
foolsgold,adaptive_evasion,17,9,1,3,0.2,1.0,2001,1.3123908,0.0006836641
foolsgold,adaptive_evasion,18,9,1,3,0.2,1.0,2001,222.75684,0.096686095
foolsgold,adaptive_evasion,19,9,1,3,0.2,1.0,2001,275.172,0.09951798
foolsgold,adaptive_evasion,0,9,1,3,0.2,1.0,3001,1.3525972,0.01593719
foolsgold,adaptive_evasion,1,9,1,3,0.2,1.0,3001,1.9326622,0.018912254
foolsgold,adaptive_evasion,2,9,1,3,0.2,1.0,3001,1.4701931,0.01195516
foolsgold,adaptive_evasion,3,9,1,3,0.2,1.0,3001,1.7282652,0.011684007
foolsgold,adaptive_evasion,4,9,1,3,0.2,1.0,3001,1.275208,0.007170253
foolsgold,adaptive_evasion,5,9,1,3,0.2,1.0,3001,1.4780096,0.00691425
foolsgold,adaptive_evasion,6,9,1,3,0.2,1.0,3001,1.5902023,0.0061908863
foolsgold,adaptive_evasion,7,9,1,3,0.2,1.0,3001,1.5937053,0.005164632
foolsgold,adaptive_evasion,8,9,1,3,0.2,1.0,3001,1.5602943,0.004209694
foolsgold,adaptive_evasion,9,9,1,3,0.2,1.0,3001,43.761112,0.09831347
foolsgold,adaptive_evasion,10,9,1,3,0.2,1.0,3001,1.1304716,0.002115054
foolsgold,adaptive_evasion,11,9,1,3,0.2,1.0,3001,1.022498,0.0015933403
foolsgold,adaptive_evasion,12,9,1,3,0.2,1.0,3001,0.91357374,0.0011858045
foolsgold,adaptive_evasion,13,9,1,3,0.2,1.0,3001,1.1756134,0.0012711304
foolsgold,adaptive_evasion,14,9,1,3,0.2,1.0,3001,1.0425801,0.0009391138
foolsgold,adaptive_evasion,15,9,1,3,0.2,1.0,3001,1.5698969,0.0011781097
foolsgold,adaptive_evasion,16,9,1,3,0.2,1.0,3001,1.5748619,0.0009846496
foolsgold,adaptive_evasion,17,9,1,3,0.2,1.0,3001,1.5007997,0.000781812
foolsgold,adaptive_evasion,18,9,1,3,0.2,1.0,3001,1.4174069,0.00061521586
foolsgold,adaptive_evasion,19,9,1,3,0.2,1.0,3001,1.3034679,0.00047140874
foolsgold,adaptive_evasion,0,9,1,3,0.2,1.0,4001,1.4913816,0.01757244
foolsgold,adaptive_evasion,1,9,1,3,0.2,1.0,4001,1.4582074,0.014269429
foolsgold,adaptive_evasion,2,9,1,3,0.2,1.0,4001,1.568879,0.012757643
foolsgold,adaptive_evasion,3,9,1,3,0.2,1.0,4001,1.1943448,0.008074417
foolsgold,adaptive_evasion,4,9,1,3,0.2,1.0,4001,1.2768153,0.0071792905
foolsgold,adaptive_evasion,5,9,1,3,0.2,1.0,4001,1.4078754,0.006586157
foolsgold,adaptive_evasion,6,9,1,3,0.2,1.0,4001,1.4487202,0.005640076
foolsgold,adaptive_evasion,7,9,1,3,0.2,1.0,4001,1.1487435,0.0037226693
foolsgold,adaptive_evasion,8,9,1,3,0.2,1.0,4001,1.5752745,0.0042501106
foolsgold,adaptive_evasion,9,9,1,3,0.2,1.0,4001,1.3980887,0.0031409382
foolsgold,adaptive_evasion,10,9,1,3,0.2,1.0,4001,1.0892915,0.002038008
foolsgold,adaptive_evasion,11,9,1,3,0.2,1.0,4001,1.1086354,0.0017275667
foolsgold,adaptive_evasion,12,9,1,3,0.2,1.0,4001,1.2245754,0.0015894799
foolsgold,adaptive_evasion,13,9,1,3,0.2,1.0,4001,1.1630752,0.0012575735
foolsgold,adaptive_evasion,14,9,1,3,0.2,1.0,4001,1.3647227,0.0012292868
foolsgold,adaptive_evasion,15,9,1,3,0.2,1.0,4001,1.5874183,0.0011912583
foolsgold,adaptive_evasion,16,9,1,3,0.2,1.0,4001,1.6307875,0.0010196159
foolsgold,adaptive_evasion,17,9,1,3,0.2,1.0,4001,1.544114,0.00080437574
foolsgold,adaptive_evasion,18,9,1,3,0.2,1.0,4001,1.4352837,0.0006229752
foolsgold,adaptive_evasion,19,9,1,3,0.2,1.0,4001,1.3333646,0.00048222113
