aggregator,attack,round,num_honest,num_attackers,dim,byzantine_fraction,seed,distance_from_true_value,asr
fedavg,gaussian,0,8,1,3,0.2,1,10.030393,0.11140544
fedavg,gaussian,0,8,1,3,0.2,2,12.369843,0.11089164
fedavg,gaussian,0,8,1,3,0.2,3,6.2288294,0.11052875
fedavg,gaussian,0,8,1,3,0.2,4,1.5576994,0.10981369
fedavg,gaussian,0,8,1,3,0.2,5,6.6829195,0.11172795
fedavg,gaussian,0,8,2,3,0.2,1,10.153022,0.19979243
fedavg,gaussian,0,8,2,3,0.2,2,15.863499,0.20028923
fedavg,gaussian,0,8,2,3,0.2,3,8.860657,0.19954443
fedavg,gaussian,0,8,2,3,0.2,4,10.781451,0.20190275
fedavg,gaussian,0,8,2,3,0.2,5,9.220848,0.19936788
fedavg,gaussian,0,8,3,3,0.2,1,9.008157,0.27286372
fedavg,gaussian,0,8,3,3,0.2,2,13.928892,0.2744747
fedavg,gaussian,0,8,3,3,0.2,3,7.964631,0.2711695
fedavg,gaussian,0,8,3,3,0.2,4,8.496029,0.27477145
fedavg,gaussian,0,8,3,3,0.2,5,6.959227,0.2735266
fedavg,gaussian,0,8,4,3,0.2,1,5.3063884,0.33186877
fedavg,gaussian,0,8,4,3,0.2,2,15.735842,0.3351124
fedavg,gaussian,0,8,4,3,0.2,3,5.3231473,0.33512145
fedavg,gaussian,0,8,4,3,0.2,4,14.56698,0.33585244
fedavg,gaussian,0,8,4,3,0.2,5,10.631827,0.3339863
fedavg,sign_flipping,0,8,1,3,0.2,1,1.1390287,0.10706257
fedavg,sign_flipping,0,8,1,3,0.2,2,1.1732695,0.11548904
fedavg,sign_flipping,0,8,1,3,0.2,3,1.138281,0.10652087
fedavg,sign_flipping,0,8,1,3,0.2,4,1.1122473,0.10017901
fedavg,sign_flipping,0,8,1,3,0.2,5,1.1444167,0.10838429
fedavg,sign_flipping,0,8,2,3,0.2,1,2.088099,0.19627008
fedavg,sign_flipping,0,8,2,3,0.2,2,2.0682092,0.2035811
fedavg,sign_flipping,0,8,2,3,0.2,3,2.0892804,0.19551584
fedavg,sign_flipping,0,8,2,3,0.2,4,2.1054785,0.18963835
fedavg,sign_flipping,0,8,2,3,0.2,5,2.0848808,0.19745284
fedavg,sign_flipping,0,8,3,3,0.2,1,2.8651738,0.26931092
fedavg,sign_flipping,0,8,3,3,0.2,2,2.8026152,0.27587125
fedavg,sign_flipping,0,8,3,3,0.2,3,2.869689,0.26854685
fedavg,sign_flipping,0,8,3,3,0.2,4,2.9217603,0.26316002
fedavg,sign_flipping,0,8,3,3,0.2,5,2.8549514,0.27038392
fedavg,sign_flipping,0,8,4,3,0.2,1,3.512862,0.33019012
fedavg,sign_flipping,0,8,4,3,0.2,2,3.4151347,0.3361637
fedavg,sign_flipping,0,8,4,3,0.2,3,3.520544,0.32945415
fedavg,sign_flipping,0,8,4,3,0.2,4,3.602766,0.32449752
fedavg,sign_flipping,0,8,4,3,0.2,5,3.496812,0.33117265
fedavg,scaling,0,8,1,3,0.2,1,95.28408,0.11116078
fedavg,scaling,0,8,1,3,0.2,2,95.23953,0.11105681
fedavg,scaling,0,8,1,3,0.2,3,95.28633,0.11116597
fedavg,scaling,0,8,1,3,0.2,4,95.32205,0.11124932
fedavg,scaling,0,8,1,3,0.2,5,95.27693,0.11114408
fedavg,scaling,0,8,2,3,0.2,1,171.47302,0.20004469
fedavg,scaling,0,8,2,3,0.2,2,171.47302,0.19995108
fedavg,scaling,0,8,2,3,0.2,3,171.47302,0.20004931
fedavg,scaling,0,8,2,3,0.2,4,171.47302,0.2001243
fedavg,scaling,0,8,2,3,0.2,5,171.47302,0.20002964
fedavg,scaling,0,8,3,3,0.2,1,233.80945,0.2727679
fedavg,scaling,0,8,3,3,0.2,2,233.84592,0.2726828
fedavg,scaling,0,8,3,3,0.2,3,233.80763,0.2727721
fedavg,scaling,0,8,3,3,0.2,4,233.77844,0.27284026
fedavg,scaling,0,8,3,3,0.2,5,233.8153,0.27275425
fedavg,scaling,0,8,4,3,0.2,1,285.75644,0.33337057
fedavg,scaling,0,8,4,3,0.2,2,285.8233,0.3332925
fedavg,scaling,0,8,4,3,0.2,3,285.75314,0.33337444
fedavg,scaling,0,8,4,3,0.2,4,285.69962,0.3334369
fedavg,scaling,0,8,4,3,0.2,5,285.7672,0.33335805
fedavg,alie,0,8,1,3,0.2,1,0.09130984,1.0
fedavg,alie,0,8,1,3,0.2,2,0.1615517,1.0000002
fedavg,alie,0,8,1,3,0.2,3,0.16640949,1.0
fedavg,alie,0,8,1,3,0.2,4,0.23850657,0.99999994
fedavg,alie,0,8,1,3,0.2,5,0.08631606,1.0
fedavg,alie,0,8,2,3,0.2,1,0.091309845,1.0000001
fedavg,alie,0,8,2,3,0.2,2,0.16155167,1.0
fedavg,alie,0,8,2,3,0.2,3,0.1664095,1.0000001
fedavg,alie,0,8,2,3,0.2,4,0.23850667,1.0000004
fedavg,alie,0,8,2,3,0.2,5,0.08631599,0.9999992
fedavg,alie,0,8,3,3,0.2,1,0.07333895,0.5192925
fedavg,alie,0,8,3,3,0.2,2,0.17335072,0.7150926
fedavg,alie,0,8,3,3,0.2,3,0.15442199,0.985565
fedavg,alie,0,8,3,3,0.2,4,0.21415897,1.0812557
fedavg,alie,0,8,3,3,0.2,5,0.07427835,0.5766567
fedavg,alie,0,8,4,3,0.2,1,0.073108785,0.51766276
fedavg,alie,0,8,4,3,0.2,2,0.17729492,0.73136294
fedavg,alie,0,8,4,3,0.2,3,0.15262997,0.9741277
fedavg,alie,0,8,4,3,0.2,4,0.20987375,1.0596203
fedavg,alie,0,8,4,3,0.2,5,0.074421,0.57776403
krum,gaussian,0,8,1,3,0.2,1,0.13920565,0.0015461276
krum,gaussian,0,8,1,3,0.2,2,0.3879176,0.003477556
krum,gaussian,0,8,1,3,0.2,3,0.20969842,0.0037210372
krum,gaussian,0,8,1,3,0.2,4,0.4022157,0.028355142
krum,gaussian,0,8,1,3,0.2,5,0.3633399,0.006074474
krum,gaussian,0,8,2,3,0.2,1,0.13920565,0.002739306
krum,gaussian,0,8,2,3,0.2,2,0.3879176,0.004897767
krum,gaussian,0,8,2,3,0.2,3,0.20969842,0.004722466
krum,gaussian,0,8,2,3,0.2,4,0.4022157,0.0075322376
krum,gaussian,0,8,2,3,0.2,5,0.3633399,0.007855927
krum,gaussian,0,8,3,3,0.2,1,0.13920565,0.0042166417
krum,gaussian,0,8,3,3,0.2,2,0.111764275,0.0022023623
krum,gaussian,0,8,3,3,0.2,3,0.3303304,0.011246664
krum,gaussian,0,8,3,3,0.2,4,0.4022157,0.013008123
krum,gaussian,0,8,3,3,0.2,5,0.3633399,0.014280771
krum,gaussian,0,8,4,3,0.2,1,0.97641253,0.06106617
krum,gaussian,0,8,4,3,0.2,2,0.35926625,0.0076509775
krum,gaussian,0,8,4,3,0.2,3,0.18093003,0.011390543
krum,gaussian,0,8,4,3,0.2,4,0.5963896,0.0137502
krum,gaussian,0,8,4,3,0.2,5,0.3633399,0.011413895
krum,sign_flipping,0,8,1,3,0.2,1,0.13920565,0.013084582
krum,sign_flipping,0,8,1,3,0.2,2,0.3879176,0.03818409
krum,sign_flipping,0,8,1,3,0.2,3,0.20969842,0.019623676
krum,sign_flipping,0,8,1,3,0.2,4,0.4022157,0.036227167
krum,sign_flipping,0,8,1,3,0.2,5,0.3633399,0.034410838
krum,sign_flipping,0,8,2,3,0.2,1,0.13920565,0.013084582
krum,sign_flipping,0,8,2,3,0.2,2,0.3879176,0.03818409
krum,sign_flipping,0,8,2,3,0.2,3,0.20969842,0.019623676
krum,sign_flipping,0,8,2,3,0.2,4,0.4022157,0.036227167
krum,sign_flipping,0,8,2,3,0.2,5,0.3633399,0.034410838
krum,sign_flipping,0,8,3,3,0.2,1,0.13920565,0.013084582
krum,sign_flipping,0,8,3,3,0.2,2,0.111764275,0.01100135
krum,sign_flipping,0,8,3,3,0.2,3,0.3303304,0.030912474
krum,sign_flipping,0,8,3,3,0.2,4,0.4022157,0.036227167
krum,sign_flipping,0,8,3,3,0.2,5,0.3633399,0.034410838
krum,sign_flipping,0,8,4,3,0.2,1,0.29861993,0.028068667
krum,sign_flipping,0,8,4,3,0.2,2,0.66099375,0.06506394
krum,sign_flipping,0,8,4,3,0.2,3,0.3278134,0.030676931
krum,sign_flipping,0,8,4,3,0.2,4,0.27283815,0.02457426
krum,sign_flipping,0,8,4,3,0.2,5,0.4915579,0.04655398
krum,scaling,0,8,1,3,0.2,1,0.13920565,0.00016240077
krum,scaling,0,8,1,3,0.2,2,0.3879176,0.00045234253
krum,scaling,0,8,1,3,0.2,3,0.20969842,0.00024464505
krum,scaling,0,8,1,3,0.2,4,0.4022157,0.00046942153
krum,scaling,0,8,1,3,0.2,5,0.3633399,0.00042384947
krum,scaling,0,8,2,3,0.2,1,0.13920565,0.00016240077
krum,scaling,0,8,2,3,0.2,2,0.3879176,0.00045234253
krum,scaling,0,8,2,3,0.2,3,0.20969842,0.00024464505
krum,scaling,0,8,2,3,0.2,4,0.4022157,0.00046942153
krum,scaling,0,8,2,3,0.2,5,0.3633399,0.00042384947
krum,scaling,0,8,3,3,0.2,1,0.13920565,0.00016240076
krum,scaling,0,8,3,3,0.2,2,0.111764275,0.00013032595
krum,scaling,0,8,3,3,0.2,3,0.3303304,0.00038538058
krum,scaling,0,8,3,3,0.2,4,0.4022157,0.00046942153
krum,scaling,0,8,3,3,0.2,5,0.3633399,0.00042384947
krum,scaling,0,8,4,3,0.2,1,0.54764664,0.0006388982
krum,scaling,0,8,4,3,0.2,2,0.8299779,0.00096781977
krum,scaling,0,8,4,3,0.2,3,0.6514115,0.0007599704
krum,scaling,0,8,4,3,0.2,4,0.5963896,0.00069603976
krum,scaling,0,8,4,3,0.2,5,0.47334316,0.00055217237
krum,alie,0,8,1,3,0.2,1,0.09130984,1.0
krum,alie,0,8,1,3,0.2,2,0.16155167,1.0
krum,alie,0,8,1,3,0.2,3,0.16640949,1.0
krum,alie,0,8,1,3,0.2,4,0.28895798,1.2115304
krum,alie,0,8,1,3,0.2,5,0.08631606,1.0
krum,alie,0,8,2,3,0.2,1,0.09130984,1.0
krum,alie,0,8,2,3,0.2,2,0.16155167,1.0
krum,alie,0,8,2,3,0.2,3,0.16640949,1.0
krum,alie,0,8,2,3,0.2,4,0.23850659,1.0
krum,alie,0,8,2,3,0.2,5,0.41408008,4.7972546
krum,alie,0,8,3,3,0.2,1,0.1412286,1.0
krum,alie,0,8,3,3,0.2,2,0.24241716,1.0
krum,alie,0,8,3,3,0.2,3,0.15668374,1.0000002
krum,alie,0,8,3,3,0.2,4,0.19806506,1.0
krum,alie,0,8,3,3,0.2,5,0.12880865,1.0000004
krum,alie,0,8,4,3,0.2,1,0.1412286,1.0
krum,alie,0,8,4,3,0.2,2,0.24241716,1.0
krum,alie,0,8,4,3,0.2,3,0.15668374,1.0
krum,alie,0,8,4,3,0.2,4,0.19806506,1.0
krum,alie,0,8,4,3,0.2,5,0.12880865,1.0
multi_krum,gaussian,0,8,1,3,0.2,1,0.09130984,0.001014159
multi_krum,gaussian,0,8,1,3,0.2,2,0.16155167,0.0014482585
multi_krum,gaussian,0,8,1,3,0.2,3,0.16640949,0.0029528877
multi_krum,gaussian,0,8,1,3,0.2,4,0.23850659,0.016814083
multi_krum,gaussian,0,8,1,3,0.2,5,0.08631606,0.0014430693
multi_krum,gaussian,0,8,2,3,0.2,1,0.09130984,0.0017968063
multi_krum,gaussian,0,8,2,3,0.2,2,0.16155167,0.0020397177
multi_krum,gaussian,0,8,2,3,0.2,3,0.16640949,0.0037475876
multi_krum,gaussian,0,8,2,3,0.2,4,0.23850659,0.0044664796
multi_krum,gaussian,0,8,2,3,0.2,5,0.08631606,0.0018662761
multi_krum,gaussian,0,8,3,3,0.2,1,2.58125,0.078187965
multi_krum,gaussian,0,8,3,3,0.2,2,7.4433074,0.14667352
multi_krum,gaussian,0,8,3,3,0.2,3,3.2536564,0.110776305
multi_krum,gaussian,0,8,3,3,0.2,4,1.5576994,0.050377812
multi_krum,gaussian,0,8,3,3,0.2,5,6.6829195,0.26266658
multi_krum,gaussian,0,8,4,3,0.2,1,4.268806,0.26697695
multi_krum,gaussian,0,8,4,3,0.2,2,11.193458,0.23837723
multi_krum,gaussian,0,8,4,3,0.2,3,3.2959535,0.20749845
multi_krum,gaussian,0,8,4,3,0.2,4,3.9846725,0.091869555
multi_krum,gaussian,0,8,4,3,0.2,5,10.62555,0.33378914
multi_krum,sign_flipping,0,8,1,3,0.2,1,0.09130984,0.008582634
multi_krum,sign_flipping,0,8,1,3,0.2,2,0.16155167,0.015902098
multi_krum,sign_flipping,0,8,1,3,0.2,3,0.16640949,0.015572678
multi_krum,sign_flipping,0,8,1,3,0.2,4,0.23850659,0.02148205
multi_krum,sign_flipping,0,8,1,3,0.2,5,0.08631606,0.008174736
multi_krum,sign_flipping,0,8,2,3,0.2,1,0.09130984,0.008582634
multi_krum,sign_flipping,0,8,2,3,0.2,2,0.16155167,0.015902098
multi_krum,sign_flipping,0,8,2,3,0.2,3,0.16640949,0.015572678
multi_krum,sign_flipping,0,8,2,3,0.2,4,0.23850659,0.02148205
multi_krum,sign_flipping,0,8,2,3,0.2,5,0.08631606,0.008174736
multi_krum,sign_flipping,0,8,3,3,0.2,1,1.1390287,0.10706257
multi_krum,sign_flipping,0,8,3,3,0.2,2,1.1732695,0.11548904
multi_krum,sign_flipping,0,8,3,3,0.2,3,1.138281,0.10652087
multi_krum,sign_flipping,0,8,3,3,0.2,4,1.1122473,0.10017901
multi_krum,sign_flipping,0,8,3,3,0.2,5,1.1444167,0.10838429
multi_krum,sign_flipping,0,8,4,3,0.2,1,2.088099,0.19627008
multi_krum,sign_flipping,0,8,4,3,0.2,2,2.0682092,0.2035811
multi_krum,sign_flipping,0,8,4,3,0.2,3,2.0892804,0.19551584
multi_krum,sign_flipping,0,8,4,3,0.2,4,2.1054785,0.18963835
multi_krum,sign_flipping,0,8,4,3,0.2,5,2.0848808,0.19745284
multi_krum,scaling,0,8,1,3,0.2,1,0.09130984,0.00010652433
multi_krum,scaling,0,8,1,3,0.2,2,0.16155167,0.000188382
multi_krum,scaling,0,8,1,3,0.2,3,0.16640949,0.00019414195
multi_krum,scaling,0,8,1,3,0.2,4,0.23850659,0.00027835844
multi_krum,scaling,0,8,1,3,0.2,5,0.08631606,0.000100690886
multi_krum,scaling,0,8,2,3,0.2,1,0.09130984,0.00010652433
multi_krum,scaling,0,8,2,3,0.2,2,0.16155167,0.000188382
multi_krum,scaling,0,8,2,3,0.2,3,0.16640949,0.00019414195
multi_krum,scaling,0,8,2,3,0.2,4,0.23850659,0.00027835844
multi_krum,scaling,0,8,2,3,0.2,5,0.08631606,0.000100690886
multi_krum,scaling,0,8,3,3,0.2,1,95.28408,0.11116077
multi_krum,scaling,0,8,3,3,0.2,2,95.23953,0.111056805
multi_krum,scaling,0,8,3,3,0.2,3,95.28633,0.11116597
multi_krum,scaling,0,8,3,3,0.2,4,95.32205,0.11124932
multi_krum,scaling,0,8,3,3,0.2,5,95.27693,0.11114408
multi_krum,scaling,0,8,4,3,0.2,1,171.47302,0.20004469
multi_krum,scaling,0,8,4,3,0.2,2,171.47302,0.19995108
multi_krum,scaling,0,8,4,3,0.2,3,171.47302,0.20004931
multi_krum,scaling,0,8,4,3,0.2,4,171.47302,0.2001243
multi_krum,scaling,0,8,4,3,0.2,5,171.47302,0.20002964
multi_krum,alie,0,8,1,3,0.2,1,0.042656265,0.46715957
multi_krum,alie,0,8,1,3,0.2,2,0.18949355,1.1729594
multi_krum,alie,0,8,1,3,0.2,3,0.15608893,0.93798095
multi_krum,alie,0,8,1,3,0.2,4,0.2664677,1.1172341
multi_krum,alie,0,8,1,3,0.2,5,0.13670716,1.5837976
multi_krum,alie,0,8,2,3,0.2,1,0.111110084,1.2168468
multi_krum,alie,0,8,2,3,0.2,2,0.20127471,1.2458844
multi_krum,alie,0,8,2,3,0.2,3,0.0904762,0.54369617
multi_krum,alie,0,8,2,3,0.2,4,0.2374064,0.9953872
multi_krum,alie,0,8,2,3,0.2,5,0.19342421,2.2408834
multi_krum,alie,0,8,3,3,0.2,1,0.1101407,0.77987534
multi_krum,alie,0,8,3,3,0.2,2,0.21526343,0.8879876
multi_krum,alie,0,8,3,3,0.2,3,0.09789388,0.62478656
multi_krum,alie,0,8,3,3,0.2,4,0.18921895,0.9553374
multi_krum,alie,0,8,3,3,0.2,5,0.11268029,0.8747886
multi_krum,alie,0,8,4,3,0.2,1,0.10705807,0.75804806
multi_krum,alie,0,8,4,3,0.2,2,0.21705785,0.8953898
multi_krum,alie,0,8,4,3,0.2,3,0.10295026,0.6570577
multi_krum,alie,0,8,4,3,0.2,4,0.17959091,0.9067269
multi_krum,alie,0,8,4,3,0.2,5,0.106537975,0.82710266
trimmed_mean,gaussian,0,8,1,3,0.2,1,0.17155427,0.0019054168
trimmed_mean,gaussian,0,8,1,3,0.2,2,0.2284999,0.0020484277
trimmed_mean,gaussian,0,8,1,3,0.2,3,0.1553452,0.002756555
trimmed_mean,gaussian,0,8,1,3,0.2,4,0.3363995,0.023715274
trimmed_mean,gaussian,0,8,1,3,0.2,5,0.19412625,0.0032454869
trimmed_mean,gaussian,0,8,2,3,0.2,1,0.034995407,0.00068864395
trimmed_mean,gaussian,0,8,2,3,0.2,2,0.29505876,0.0037253506
trimmed_mean,gaussian,0,8,2,3,0.2,3,0.17768417,0.0040014964
trimmed_mean,gaussian,0,8,2,3,0.2,4,0.4095592,0.007669758
trimmed_mean,gaussian,0,8,2,3,0.2,5,0.21244168,0.004593292
trimmed_mean,gaussian,0,8,3,3,0.2,1,0.18081512,0.005477023
trimmed_mean,gaussian,0,8,3,3,0.2,2,0.97093874,0.01913276
trimmed_mean,gaussian,0,8,3,3,0.2,3,1.3613796,0.0463505
trimmed_mean,gaussian,0,8,3,3,0.2,4,0.3363995,0.010879551
trimmed_mean,gaussian,0,8,3,3,0.2,5,0.7791633,0.030624364
trimmed_mean,gaussian,0,8,4,3,0.2,1,1.1562532,0.07231365
trimmed_mean,gaussian,0,8,4,3,0.2,2,6.331779,0.13484234
trimmed_mean,gaussian,0,8,4,3,0.2,3,1.1430811,0.07196326
trimmed_mean,gaussian,0,8,4,3,0.2,4,0.56174254,0.012951387
trimmed_mean,gaussian,0,8,4,3,0.2,5,3.174501,0.099723205
trimmed_mean,sign_flipping,0,8,1,3,0.2,1,0.1174005,0.011035016
trimmed_mean,sign_flipping,0,8,1,3,0.2,2,0.2284999,0.02249205
trimmed_mean,sign_flipping,0,8,1,3,0.2,3,0.1553452,0.014537277
trimmed_mean,sign_flipping,0,8,1,3,0.2,4,0.1827352,0.016458778
trimmed_mean,sign_flipping,0,8,1,3,0.2,5,0.09834536,0.009313996
trimmed_mean,sign_flipping,0,8,2,3,0.2,1,0.20413044,0.019187164
trimmed_mean,sign_flipping,0,8,2,3,0.2,2,0.29505876,0.02904367
trimmed_mean,sign_flipping,0,8,2,3,0.2,3,0.17768417,0.016627768
trimmed_mean,sign_flipping,0,8,2,3,0.2,4,0.19785585,0.017820679
trimmed_mean,sign_flipping,0,8,2,3,0.2,5,0.17685027,0.016748961
trimmed_mean,sign_flipping,0,8,3,3,0.2,1,1.6869024,0.15855975
trimmed_mean,sign_flipping,0,8,3,3,0.2,2,1.6752249,0.16489828
trimmed_mean,sign_flipping,0,8,3,3,0.2,3,1.6205195,0.15164898
trimmed_mean,sign_flipping,0,8,3,3,0.2,4,1.6350672,0.14726888
trimmed_mean,sign_flipping,0,8,3,3,0.2,5,1.6433514,0.1556369
trimmed_mean,sign_flipping,0,8,4,3,0.2,1,2.805534,0.2637051
trimmed_mean,sign_flipping,0,8,4,3,0.2,2,2.7337797,0.26909554
trimmed_mean,sign_flipping,0,8,4,3,0.2,3,2.751705,0.25750583
trimmed_mean,sign_flipping,0,8,4,3,0.2,4,2.814926,0.25353757
trimmed_mean,sign_flipping,0,8,4,3,0.2,5,2.7571301,0.26111957
trimmed_mean,scaling,0,8,1,3,0.2,1,0.16864343,0.00019674361
trimmed_mean,scaling,0,8,1,3,0.2,2,0.18490294,0.00021561142
trimmed_mean,scaling,0,8,1,3,0.2,3,0.20637473,0.00024076746
trimmed_mean,scaling,0,8,1,3,0.2,4,0.3363995,0.00039260817
trimmed_mean,scaling,0,8,1,3,0.2,5,0.17629658,0.0002056565
trimmed_mean,scaling,0,8,2,3,0.2,1,0.26851684,0.0003132584
trimmed_mean,scaling,0,8,2,3,0.2,2,0.24468066,0.00028531696
trimmed_mean,scaling,0,8,2,3,0.2,3,0.2663055,0.0003106858
trimmed_mean,scaling,0,8,2,3,0.2,4,0.4095592,0.00047799206
trimmed_mean,scaling,0,8,2,3,0.2,5,0.26363784,0.00030754332
trimmed_mean,scaling,0,8,3,3,0.2,1,122.6751,0.14311582
trimmed_mean,scaling,0,8,3,3,0.2,2,122.62738,0.1429932
trimmed_mean,scaling,0,8,3,3,0.2,3,122.61956,0.14305434
trimmed_mean,scaling,0,8,3,3,0.2,4,122.72075,0.14322604
trimmed_mean,scaling,0,8,3,3,0.2,5,122.66228,0.1430901
trimmed_mean,scaling,0,8,4,3,0.2,1,214.48741,0.25022635
trimmed_mean,scaling,0,8,4,3,0.2,2,214.49577,0.250119
trimmed_mean,scaling,0,8,4,3,0.2,3,214.43628,0.25017247
trimmed_mean,scaling,0,8,4,3,0.2,4,214.4847,0.25032273
trimmed_mean,scaling,0,8,4,3,0.2,5,214.48422,0.25020382
trimmed_mean,alie,0,8,1,3,0.2,1,0.03913664,0.42861363
trimmed_mean,alie,0,8,1,3,0.2,2,0.17831935,1.1037915
trimmed_mean,alie,0,8,1,3,0.2,3,0.15948386,0.958382
trimmed_mean,alie,0,8,1,3,0.2,4,0.24532872,1.0286036
trimmed_mean,alie,0,8,1,3,0.2,5,0.11696375,1.3550637
trimmed_mean,alie,0,8,2,3,0.2,1,0.053838134,0.5896203
trimmed_mean,alie,0,8,2,3,0.2,2,0.17724852,1.0971631
trimmed_mean,alie,0,8,2,3,0.2,3,0.1576603,0.94742376
trimmed_mean,alie,0,8,2,3,0.2,4,0.24267572,1.0174801
trimmed_mean,alie,0,8,2,3,0.2,5,0.12832163,1.4866484
trimmed_mean,alie,0,8,3,3,0.2,1,0.073627934,0.5213387
trimmed_mean,alie,0,8,3,3,0.2,2,0.20422153,0.84243846
trimmed_mean,alie,0,8,3,3,0.2,3,0.14991409,0.9567943
trimmed_mean,alie,0,8,3,3,0.2,4,0.19486637,0.98385036
trimmed_mean,alie,0,8,3,3,0.2,5,0.10745792,0.8342449
trimmed_mean,alie,0,8,4,3,0.2,1,0.08150152,0.57708937
trimmed_mean,alie,0,8,4,3,0.2,2,0.2081675,0.858716
trimmed_mean,alie,0,8,4,3,0.2,3,0.14988543,0.9566113
trimmed_mean,alie,0,8,4,3,0.2,4,0.1890781,0.9546262
trimmed_mean,alie,0,8,4,3,0.2,5,0.1047103,0.8129136
median,gaussian,0,8,1,3,0.2,1,0.14348856,0.0015936969
median,gaussian,0,8,1,3,0.2,2,0.25875583,0.0023196624
median,gaussian,0,8,1,3,0.2,3,0.19033748,0.003377483
median,gaussian,0,8,1,3,0.2,4,0.38351867,0.02703705
median,gaussian,0,8,1,3,0.2,5,0.23758554,0.003972058
median,gaussian,0,8,2,3,0.2,1,0.062466953,0.0012292324
median,gaussian,0,8,2,3,0.2,2,0.3134358,0.0039573754
median,gaussian,0,8,2,3,0.2,3,0.21122901,0.0047569354
median,gaussian,0,8,2,3,0.2,4,0.42618325,0.007981075
median,gaussian,0,8,2,3,0.2,5,0.20903374,0.0045196074
median,gaussian,0,8,3,3,0.2,1,0.1402356,0.0042478396
median,gaussian,0,8,3,3,0.2,2,0.31922403,0.0062904446
median,gaussian,0,8,3,3,0.2,3,0.22862199,0.0077838274
median,gaussian,0,8,3,3,0.2,4,0.38351867,0.01240344
median,gaussian,0,8,3,3,0.2,5,0.27803183,0.0109278085
median,gaussian,0,8,4,3,0.2,1,0.12334582,0.0077142157
median,gaussian,0,8,4,3,0.2,2,0.31868774,0.0067868126
median,gaussian,0,8,4,3,0.2,3,0.20465925,0.012884428
median,gaussian,0,8,4,3,0.2,4,0.40145057,0.009255738
median,gaussian,0,8,4,3,0.2,5,0.37978566,0.011930519
median,sign_flipping,0,8,1,3,0.2,1,0.08129495,0.007641288
median,sign_flipping,0,8,1,3,0.2,2,0.25875583,0.025470246
median,sign_flipping,0,8,1,3,0.2,3,0.19033748,0.01781187
median,sign_flipping,0,8,1,3,0.2,4,0.2254732,0.020308144
median,sign_flipping,0,8,1,3,0.2,5,0.13344824,0.012638485
median,sign_flipping,0,8,2,3,0.2,1,0.17832181,0.016761292
median,sign_flipping,0,8,2,3,0.2,2,0.3134358,0.030852586
median,sign_flipping,0,8,2,3,0.2,3,0.21122901,0.01976691
median,sign_flipping,0,8,2,3,0.2,4,0.1650644,0.014867185
median,sign_flipping,0,8,2,3,0.2,5,0.12028673,0.011391997
median,sign_flipping,0,8,3,3,0.2,1,0.276333,0.025973817
median,sign_flipping,0,8,3,3,0.2,2,0.3872939,0.0381227
median,sign_flipping,0,8,3,3,0.2,3,0.24352281,0.02278898
median,sign_flipping,0,8,3,3,0.2,4,0.13494171,0.012154065
median,sign_flipping,0,8,3,3,0.2,5,0.2781462,0.026342398
median,sign_flipping,0,8,4,3,0.2,1,0.3795564,0.03567626
median,sign_flipping,0,8,4,3,0.2,2,0.430338,0.04235968
median,sign_flipping,0,8,4,3,0.2,3,0.29793623,0.027881013
median,sign_flipping,0,8,4,3,0.2,4,0.34515584,0.03108784
median,sign_flipping,0,8,4,3,0.2,5,0.33126894,0.031373493
median,scaling,0,8,1,3,0.2,1,0.13920565,0.00016240077
median,scaling,0,8,1,3,0.2,2,0.12832457,0.00014963657
median,scaling,0,8,1,3,0.2,3,0.22752711,0.00026544492
median,scaling,0,8,1,3,0.2,4,0.38351867,0.00044760044
median,scaling,0,8,1,3,0.2,5,0.23517078,0.00027433544
median,scaling,0,8,2,3,0.2,1,0.19433166,0.00022671215
median,scaling,0,8,2,3,0.2,2,0.14201252,0.00016559781
median,scaling,0,8,2,3,0.2,3,0.28596482,0.00033362137
median,scaling,0,8,2,3,0.2,4,0.42618325,0.00049739383
median,scaling,0,8,2,3,0.2,5,0.31905589,0.00037219052
median,scaling,0,8,3,3,0.2,1,0.29222682,0.00034091904
median,scaling,0,8,3,3,0.2,2,0.16638027,0.00019401251
median,scaling,0,8,3,3,0.2,3,0.35597622,0.0004153003
median,scaling,0,8,3,3,0.2,4,0.4713093,0.00055005995
median,scaling,0,8,3,3,0.2,5,0.40649268,0.0004741888
median,scaling,0,8,4,3,0.2,1,0.35847312,0.00041820365
median,scaling,0,8,4,3,0.2,2,0.29707187,0.00034640924
median,scaling,0,8,4,3,0.2,3,0.39735016,0.0004635693
median,scaling,0,8,4,3,0.2,4,0.49616632,0.0005790703
median,scaling,0,8,4,3,0.2,5,0.46917227,0.00054730684
median,alie,0,8,1,3,0.2,1,0.10194223,1.1164429
median,alie,0,8,1,3,0.2,2,0.16155167,1.0
median,alie,0,8,1,3,0.2,3,0.16640949,1.0
median,alie,0,8,1,3,0.2,4,0.21708588,0.9101882
median,alie,0,8,1,3,0.2,5,0.12910011,1.4956675
median,alie,0,8,2,3,0.2,1,0.09485494,1.038825
median,alie,0,8,2,3,0.2,2,0.16155167,1.0
median,alie,0,8,2,3,0.2,3,0.16640949,1.0
median,alie,0,8,2,3,0.2,4,0.22259322,0.93327916
median,alie,0,8,2,3,0.2,5,0.1071107,1.2409128
median,alie,0,8,3,3,0.2,1,0.13356476,0.94573444
median,alie,0,8,3,3,0.2,2,0.24114177,0.9947389
median,alie,0,8,3,3,0.2,3,0.15668374,1.0000002
median,alie,0,8,3,3,0.2,4,0.15430799,0.7790773
median,alie,0,8,3,3,0.2,5,0.12880865,1.0000004
median,alie,0,8,4,3,0.2,1,0.13732767,0.9723786
median,alie,0,8,4,3,0.2,2,0.24154615,0.99640703
median,alie,0,8,4,3,0.2,3,0.15668374,1.0
median,alie,0,8,4,3,0.2,4,0.17583501,0.8877639
median,alie,0,8,4,3,0.2,5,0.12880865,1.0
faba,gaussian,0,8,1,3,0.2,1,0.09130984,0.001014159
faba,gaussian,0,8,1,3,0.2,2,0.16155167,0.0014482585
faba,gaussian,0,8,1,3,0.2,3,0.16640949,0.0029528877
faba,gaussian,0,8,1,3,0.2,4,0.23850659,0.016814083
faba,gaussian,0,8,1,3,0.2,5,0.08631606,0.0014430693
faba,gaussian,0,8,2,3,0.2,1,0.09130984,0.0017968063
faba,gaussian,0,8,2,3,0.2,2,0.16155167,0.0020397177
faba,gaussian,0,8,2,3,0.2,3,0.16640949,0.0037475876
faba,gaussian,0,8,2,3,0.2,4,0.23850659,0.0044664796
faba,gaussian,0,8,2,3,0.2,5,0.08631606,0.0018662761
faba,gaussian,0,8,3,3,0.2,1,2.58125,0.078187965
faba,gaussian,0,8,3,3,0.2,2,7.4433074,0.14667352
faba,gaussian,0,8,3,3,0.2,3,3.2536564,0.110776305
faba,gaussian,0,8,3,3,0.2,4,1.5576994,0.050377812
faba,gaussian,0,8,3,3,0.2,5,6.6829195,0.26266658
faba,gaussian,0,8,4,3,0.2,1,4.268806,0.26697695
faba,gaussian,0,8,4,3,0.2,2,11.193458,0.23837723
faba,gaussian,0,8,4,3,0.2,3,3.2959535,0.20749845
faba,gaussian,0,8,4,3,0.2,4,3.9846725,0.091869555
faba,gaussian,0,8,4,3,0.2,5,10.62555,0.33378914
faba,sign_flipping,0,8,1,3,0.2,1,0.09130984,0.008582634
faba,sign_flipping,0,8,1,3,0.2,2,0.16155167,0.015902098
faba,sign_flipping,0,8,1,3,0.2,3,0.16640949,0.015572678
faba,sign_flipping,0,8,1,3,0.2,4,0.23850659,0.02148205
faba,sign_flipping,0,8,1,3,0.2,5,0.08631606,0.008174736
faba,sign_flipping,0,8,2,3,0.2,1,0.09130984,0.008582634
faba,sign_flipping,0,8,2,3,0.2,2,0.16155167,0.015902098
faba,sign_flipping,0,8,2,3,0.2,3,0.16640949,0.015572678
faba,sign_flipping,0,8,2,3,0.2,4,0.23850659,0.02148205
faba,sign_flipping,0,8,2,3,0.2,5,0.08631606,0.008174736
faba,sign_flipping,0,8,3,3,0.2,1,1.1390287,0.10706257
faba,sign_flipping,0,8,3,3,0.2,2,1.1732695,0.11548904
faba,sign_flipping,0,8,3,3,0.2,3,1.138281,0.10652087
faba,sign_flipping,0,8,3,3,0.2,4,1.1122473,0.10017901
faba,sign_flipping,0,8,3,3,0.2,5,1.1444167,0.10838429
faba,sign_flipping,0,8,4,3,0.2,1,2.088099,0.19627008
faba,sign_flipping,0,8,4,3,0.2,2,2.0682092,0.2035811
faba,sign_flipping,0,8,4,3,0.2,3,2.0892804,0.19551584
faba,sign_flipping,0,8,4,3,0.2,4,2.1054785,0.18963835
faba,sign_flipping,0,8,4,3,0.2,5,2.0848808,0.19745284
faba,scaling,0,8,1,3,0.2,1,0.09130984,0.00010652433
faba,scaling,0,8,1,3,0.2,2,0.16155167,0.000188382
faba,scaling,0,8,1,3,0.2,3,0.16640949,0.00019414195
faba,scaling,0,8,1,3,0.2,4,0.23850659,0.00027835844
faba,scaling,0,8,1,3,0.2,5,0.08631606,0.000100690886
faba,scaling,0,8,2,3,0.2,1,0.09130984,0.00010652433
faba,scaling,0,8,2,3,0.2,2,0.16155167,0.000188382
faba,scaling,0,8,2,3,0.2,3,0.16640949,0.00019414195
faba,scaling,0,8,2,3,0.2,4,0.23850659,0.00027835844
faba,scaling,0,8,2,3,0.2,5,0.08631606,0.000100690886
faba,scaling,0,8,3,3,0.2,1,95.28408,0.11116077
faba,scaling,0,8,3,3,0.2,2,95.23953,0.111056805
faba,scaling,0,8,3,3,0.2,3,95.28633,0.11116597
faba,scaling,0,8,3,3,0.2,4,95.32205,0.11124932
faba,scaling,0,8,3,3,0.2,5,95.27693,0.11114408
faba,scaling,0,8,4,3,0.2,1,171.47302,0.20004469
faba,scaling,0,8,4,3,0.2,2,171.47302,0.19995108
faba,scaling,0,8,4,3,0.2,3,171.47302,0.20004931
faba,scaling,0,8,4,3,0.2,4,171.47302,0.2001243
faba,scaling,0,8,4,3,0.2,5,171.47302,0.20002964
faba,alie,0,8,1,3,0.2,1,0.042656265,0.46715957
faba,alie,0,8,1,3,0.2,2,0.18949355,1.1729594
faba,alie,0,8,1,3,0.2,3,0.15608893,0.93798095
faba,alie,0,8,1,3,0.2,4,0.2664677,1.1172341
faba,alie,0,8,1,3,0.2,5,0.13670716,1.5837976
faba,alie,0,8,2,3,0.2,1,0.111110084,1.2168468
faba,alie,0,8,2,3,0.2,2,0.20127471,1.2458844
faba,alie,0,8,2,3,0.2,3,0.0904762,0.54369617
faba,alie,0,8,2,3,0.2,4,0.2374064,0.9953872
faba,alie,0,8,2,3,0.2,5,0.19342421,2.2408834
faba,alie,0,8,3,3,0.2,1,0.1101407,0.77987534
faba,alie,0,8,3,3,0.2,2,0.21124172,0.87139755
faba,alie,0,8,3,3,0.2,3,0.09789388,0.62478656
faba,alie,0,8,3,3,0.2,4,0.18921895,0.9553374
faba,alie,0,8,3,3,0.2,5,0.11268029,0.8747886
faba,alie,0,8,4,3,0.2,1,0.10705807,0.75804806
faba,alie,0,8,4,3,0.2,2,0.21194378,0.8742936
faba,alie,0,8,4,3,0.2,3,0.10295026,0.6570577
faba,alie,0,8,4,3,0.2,4,0.17959091,0.9067269
faba,alie,0,8,4,3,0.2,5,0.106537975,0.82710266
bulyan,gaussian,0,8,1,3,0.2,1,0.053039122,0.00058909424
bulyan,gaussian,0,8,1,3,0.2,2,0.21626587,0.0019387536
bulyan,gaussian,0,8,1,3,0.2,3,0.13454694,0.002387496
bulyan,gaussian,0,8,1,3,0.2,4,0.2960609,0.020871509
bulyan,gaussian,0,8,1,3,0.2,5,0.062853396,0.0010508103
bulyan,gaussian,0,8,2,3,0.2,1,0.12704699,0.0025000463
bulyan,gaussian,0,8,2,3,0.2,2,0.26747686,0.0033771072
bulyan,gaussian,0,8,2,3,0.2,3,0.15792902,0.003556605
bulyan,gaussian,0,8,2,3,0.2,4,0.24736524,0.0046323747
bulyan,gaussian,0,8,2,3,0.2,5,0.19062845,0.004121659
bulyan,gaussian,0,8,3,3,0.2,1,0.12728003,0.0038554058
bulyan,gaussian,0,8,3,3,0.2,2,0.21626587,0.0042616106
bulyan,gaussian,0,8,3,3,0.2,3,0.09030217,0.003074492
bulyan,gaussian,0,8,3,3,0.2,4,0.2960609,0.0095749535
bulyan,gaussian,0,8,3,3,0.2,5,0.18966946,0.0074547995
bulyan,gaussian,0,8,4,3,0.2,1,0.034995407,0.0021886604
bulyan,gaussian,0,8,4,3,0.2,2,0.27315378,0.005817116
bulyan,gaussian,0,8,4,3,0.2,3,0.15915047,0.010019399
bulyan,gaussian,0,8,4,3,0.2,4,0.24898128,0.0057404465
bulyan,gaussian,0,8,4,3,0.2,5,0.12249629,0.0038480766
bulyan,sign_flipping,0,8,1,3,0.2,1,0.053039122,0.004985392
bulyan,sign_flipping,0,8,1,3,0.2,2,0.21626587,0.02128781
bulyan,sign_flipping,0,8,1,3,0.2,3,0.13454694,0.012590965
bulyan,sign_flipping,0,8,1,3,0.2,4,0.2960609,0.026665907
bulyan,sign_flipping,0,8,1,3,0.2,5,0.062853396,0.0059526577
bulyan,sign_flipping,0,8,2,3,0.2,1,0.12704699,0.011941734
bulyan,sign_flipping,0,8,2,3,0.2,2,0.26747686,0.026328687
bulyan,sign_flipping,0,8,2,3,0.2,3,0.15792902,0.014779071
bulyan,sign_flipping,0,8,2,3,0.2,4,0.24736524,0.022279939
bulyan,sign_flipping,0,8,2,3,0.2,5,0.19062845,0.018053852
bulyan,sign_flipping,0,8,3,3,0.2,1,0.20120132,0.018911842
bulyan,sign_flipping,0,8,3,3,0.2,2,0.33662507,0.033135187
bulyan,sign_flipping,0,8,3,3,0.2,3,0.13912706,0.013019576
bulyan,sign_flipping,0,8,3,3,0.2,4,0.26299635,0.023687817
bulyan,sign_flipping,0,8,3,3,0.2,5,0.17845127,0.016900588
bulyan,sign_flipping,0,8,4,3,0.2,1,1.9177113,0.18025455
bulyan,sign_flipping,0,8,4,3,0.2,2,1.9434034,0.19129603
bulyan,sign_flipping,0,8,4,3,0.2,3,1.8942311,0.17726304
bulyan,sign_flipping,0,8,4,3,0.2,4,1.9501232,0.17564565
bulyan,sign_flipping,0,8,4,3,0.2,5,1.9268777,0.18248884
bulyan,scaling,0,8,1,3,0.2,1,0.053039122,6.187676e-05
bulyan,scaling,0,8,1,3,0.2,2,0.21626587,0.00025218306
bulyan,scaling,0,8,1,3,0.2,3,0.13454694,0.00015696943
bulyan,scaling,0,8,1,3,0.2,4,0.2960609,0.00034552944
bulyan,scaling,0,8,1,3,0.2,5,0.062853396,7.332082e-05
bulyan,scaling,0,8,2,3,0.2,1,0.12704699,0.00014821618
bulyan,scaling,0,8,2,3,0.2,2,0.26747686,0.00031189912
bulyan,scaling,0,8,2,3,0.2,3,0.15792902,0.00018424819
bulyan,scaling,0,8,2,3,0.2,4,0.24736524,0.00028869725
bulyan,scaling,0,8,2,3,0.2,5,0.19062845,0.00022237517
bulyan,scaling,0,8,3,3,0.2,1,0.27130306,0.00031650887
bulyan,scaling,0,8,3,3,0.2,2,0.28872108,0.00033667154
bulyan,scaling,0,8,3,3,0.2,3,0.27136135,0.00031658422
bulyan,scaling,0,8,3,3,0.2,4,0.33619705,0.0003923719
bulyan,scaling,0,8,3,3,0.2,5,0.34162536,0.00039851866
bulyan,scaling,0,8,4,3,0.2,1,143.07188,0.16691121
bulyan,scaling,0,8,4,3,0.2,2,143.07533,0.16683713
bulyan,scaling,0,8,4,3,0.2,3,143.04109,0.16687915
bulyan,scaling,0,8,4,3,0.2,4,143.05177,0.16695416
bulyan,scaling,0,8,4,3,0.2,5,143.10596,0.16693841
bulyan,alie,0,8,1,3,0.2,1,0.10615249,1.1625526
bulyan,alie,0,8,1,3,0.2,2,0.23052336,1.4269327
bulyan,alie,0,8,1,3,0.2,3,0.07320511,0.4399095
bulyan,alie,0,8,1,3,0.2,4,0.2522616,1.0576714
bulyan,alie,0,8,1,3,0.2,5,0.12450316,1.4424102
bulyan,alie,0,8,2,3,0.2,1,0.06039895,0.66147256
bulyan,alie,0,8,2,3,0.2,2,0.2265796,1.402521
bulyan,alie,0,8,2,3,0.2,3,0.1382721,0.8309148
bulyan,alie,0,8,2,3,0.2,4,0.25282258,1.0600234
bulyan,alie,0,8,2,3,0.2,5,0.16136238,1.8694364
bulyan,alie,0,8,3,3,0.2,1,0.120827384,0.85554475
bulyan,alie,0,8,3,3,0.2,2,0.26291516,1.0845567
bulyan,alie,0,8,3,3,0.2,3,0.13556294,0.86520123
bulyan,alie,0,8,3,3,0.2,4,0.16843005,0.8503774
bulyan,alie,0,8,3,3,0.2,5,0.10766716,0.8358694
bulyan,alie,0,8,4,3,0.2,1,0.120534584,0.85347146
bulyan,alie,0,8,4,3,0.2,2,0.25919852,1.0692252
bulyan,alie,0,8,4,3,0.2,3,0.13812456,0.88155
bulyan,alie,0,8,4,3,0.2,4,0.1632515,0.82423174
bulyan,alie,0,8,4,3,0.2,5,0.10111089,0.78496975
geometric_median,gaussian,0,8,1,3,0.2,1,0.101422854,0.0011264822
geometric_median,gaussian,0,8,1,3,0.2,2,0.2206482,0.0019780397
geometric_median,gaussian,0,8,1,3,0.2,3,0.1208129,0.0021437895
geometric_median,gaussian,0,8,1,3,0.2,4,0.27572626,0.01943797
geometric_median,gaussian,0,8,1,3,0.2,5,0.22246183,0.0037192137
geometric_median,gaussian,0,8,2,3,0.2,1,0.082569845,0.0016248197
geometric_median,gaussian,0,8,2,3,0.2,2,0.32421523,0.0040934742
geometric_median,gaussian,0,8,2,3,0.2,3,0.16327989,0.003677108
geometric_median,gaussian,0,8,2,3,0.2,4,0.36474082,0.0068304506
geometric_median,gaussian,0,8,2,3,0.2,5,0.17777549,0.0038437594
geometric_median,gaussian,0,8,3,3,0.2,1,0.13679837,0.0041437233
geometric_median,gaussian,0,8,3,3,0.2,2,0.3247902,0.0064001284
geometric_median,gaussian,0,8,3,3,0.2,3,0.13439776,0.004575802
geometric_median,gaussian,0,8,3,3,0.2,4,0.31852648,0.010301516
geometric_median,gaussian,0,8,3,3,0.2,5,0.23134781,0.009092933
geometric_median,gaussian,0,8,4,3,0.2,1,0.121244736,0.007582811
geometric_median,gaussian,0,8,4,3,0.2,2,0.34580073,0.007364214
geometric_median,gaussian,0,8,4,3,0.2,3,0.13899513,0.0087505095
geometric_median,gaussian,0,8,4,3,0.2,4,0.33843035,0.00780276
geometric_median,gaussian,0,8,4,3,0.2,5,0.27051023,0.00849776
geometric_median,sign_flipping,0,8,1,3,0.2,1,0.078918785,0.0074179415
geometric_median,sign_flipping,0,8,1,3,0.2,2,0.23377994,0.023011781
geometric_median,sign_flipping,0,8,1,3,0.2,3,0.11420619,0.010687469
geometric_median,sign_flipping,0,8,1,3,0.2,4,0.1970876,0.017751483
geometric_median,sign_flipping,0,8,1,3,0.2,5,0.114907786,0.010882573
geometric_median,sign_flipping,0,8,2,3,0.2,1,0.14272662,0.013415534
geometric_median,sign_flipping,0,8,2,3,0.2,2,0.30657083,0.030176844
geometric_median,sign_flipping,0,8,2,3,0.2,3,0.15179916,0.014205436
geometric_median,sign_flipping,0,8,2,3,0.2,4,0.1449393,0.0130545385
geometric_median,sign_flipping,0,8,2,3,0.2,5,0.15058883,0.0142618185
geometric_median,sign_flipping,0,8,3,3,0.2,1,0.22831716,0.021460585
geometric_median,sign_flipping,0,8,3,3,0.2,2,0.35287398,0.034734625
geometric_median,sign_flipping,0,8,3,3,0.2,3,0.19195132,0.017962895
geometric_median,sign_flipping,0,8,3,3,0.2,4,0.1315727,0.011850621
geometric_median,sign_flipping,0,8,3,3,0.2,5,0.26892057,0.025468664
geometric_median,sign_flipping,0,8,4,3,0.2,1,0.28517294,0.026804723
geometric_median,sign_flipping,0,8,4,3,0.2,2,0.3844604,0.037843786
geometric_median,sign_flipping,0,8,4,3,0.2,3,0.24621184,0.02304062
geometric_median,sign_flipping,0,8,4,3,0.2,4,0.19401576,0.017474806
geometric_median,sign_flipping,0,8,4,3,0.2,5,0.37826833,0.035824664
geometric_median,scaling,0,8,1,3,0.2,1,0.11579023,0.00013508376
geometric_median,scaling,0,8,1,3,0.2,2,0.12611146,0.00014705592
geometric_median,scaling,0,8,1,3,0.2,3,0.17611232,0.00020546177
geometric_median,scaling,0,8,1,3,0.2,4,0.30655873,0.00035778133
geometric_median,scaling,0,8,1,3,0.2,5,0.23252316,0.00027124688
geometric_median,scaling,0,8,2,3,0.2,1,0.1565089,0.00018258716
geometric_median,scaling,0,8,2,3,0.2,2,0.14314185,0.00016691469
geometric_median,scaling,0,8,2,3,0.2,3,0.22980312,0.00026810024
geometric_median,scaling,0,8,2,3,0.2,4,0.36857706,0.00043016227
geometric_median,scaling,0,8,2,3,0.2,5,0.2863095,0.00033399067
geometric_median,scaling,0,8,3,3,0.2,1,0.32096344,0.0003744439
geometric_median,scaling,0,8,3,3,0.2,2,0.28190643,0.00032872512
geometric_median,scaling,0,8,3,3,0.2,3,0.32395586,0.0003779437
geometric_median,scaling,0,8,3,3,0.2,4,0.45288613,0.00052855845
geometric_median,scaling,0,8,3,3,0.2,5,0.37776765,0.00044067999
geometric_median,scaling,0,8,4,3,0.2,1,1.7565818,0.002049272
geometric_median,scaling,0,8,4,3,0.2,2,1.6621721,0.0019382238
geometric_median,scaling,0,8,4,3,0.2,3,1.7507464,0.0020425115
geometric_median,scaling,0,8,4,3,0.2,4,1.8476629,0.002156387
geometric_median,scaling,0,8,4,3,0.2,5,1.7376719,0.0020270587
geometric_median,alie,0,8,1,3,0.2,1,0.091309875,1.0000004
geometric_median,alie,0,8,1,3,0.2,2,0.16155149,0.99999887
geometric_median,alie,0,8,1,3,0.2,3,0.16640887,0.99999624
geometric_median,alie,0,8,1,3,0.2,4,0.23837376,0.99944305
geometric_median,alie,0,8,1,3,0.2,5,0.0863168,1.0000086
geometric_median,alie,0,8,2,3,0.2,1,0.09130986,1.0000002
geometric_median,alie,0,8,2,3,0.2,2,0.16155158,0.99999946
geometric_median,alie,0,8,2,3,0.2,3,0.16640918,0.9999981
geometric_median,alie,0,8,2,3,0.2,4,0.23850587,0.999997
geometric_median,alie,0,8,2,3,0.2,5,0.086316444,1.0000045
geometric_median,alie,0,8,3,3,0.2,1,0.13664493,0.9675443
geometric_median,alie,0,8,3,3,0.2,2,0.24218881,0.99905807
geometric_median,alie,0,8,3,3,0.2,3,0.15617904,0.996779
geometric_median,alie,0,8,3,3,0.2,4,0.17867152,0.902085
geometric_median,alie,0,8,3,3,0.2,5,0.1262375,0.98003936
geometric_median,alie,0,8,4,3,0.2,1,0.14052461,0.99501526
geometric_median,alie,0,8,4,3,0.2,2,0.24238989,0.9998875
geometric_median,alie,0,8,4,3,0.2,3,0.15662001,0.99959326
geometric_median,alie,0,8,4,3,0.2,4,0.19039623,0.9612813
geometric_median,alie,0,8,4,3,0.2,5,0.12849833,0.9975909
median_of_means,gaussian,0,8,1,3,0.2,1,0.14821239,0.0016461635
median_of_means,gaussian,0,8,1,3,0.2,2,0.21780132,0.0019525184
median_of_means,gaussian,0,8,1,3,0.2,3,0.2304069,0.004088503
median_of_means,gaussian,0,8,1,3,0.2,4,0.34401736,0.024252312
median_of_means,gaussian,0,8,1,3,0.2,5,0.37809205,0.006321107
median_of_means,gaussian,0,8,2,3,0.2,1,0.15523496,0.003054733
median_of_means,gaussian,0,8,2,3,0.2,2,0.21780132,0.0027499143
median_of_means,gaussian,0,8,2,3,0.2,3,0.2304069,0.005188827
median_of_means,gaussian,0,8,2,3,0.2,4,0.34401736,0.0064423652
median_of_means,gaussian,0,8,2,3,0.2,5,0.26575977,0.0057461048
median_of_means,gaussian,0,8,3,3,0.2,1,0.21550106,0.0065276856
median_of_means,gaussian,0,8,3,3,0.2,2,0.2943496,0.0058002835
median_of_means,gaussian,0,8,3,3,0.2,3,0.12538154,0.0042688297
median_of_means,gaussian,0,8,3,3,0.2,4,0.27180874,0.008790611
median_of_means,gaussian,0,8,3,3,0.2,5,0.25359198,0.009967221
median_of_means,gaussian,0,8,4,3,0.2,1,0.056637473,0.0035421848
median_of_means,gaussian,0,8,4,3,0.2,2,0.2943496,0.006268505
median_of_means,gaussian,0,8,4,3,0.2,3,0.17736538,0.011166128
median_of_means,gaussian,0,8,4,3,0.2,4,0.309681,0.007139923
median_of_means,gaussian,0,8,4,3,0.2,5,0.19961537,0.0062706815
median_of_means,sign_flipping,0,8,1,3,0.2,1,0.11856488,0.011144461
median_of_means,sign_flipping,0,8,1,3,0.2,2,0.21780132,0.021438949
median_of_means,sign_flipping,0,8,1,3,0.2,3,0.2304069,0.021561585
median_of_means,sign_flipping,0,8,1,3,0.2,4,0.4082856,0.036773875
median_of_means,sign_flipping,0,8,1,3,0.2,5,0.20153496,0.019086774
median_of_means,sign_flipping,0,8,2,3,0.2,1,0.11856488,0.011144461
median_of_means,sign_flipping,0,8,2,3,0.2,2,0.21780132,0.021438949
median_of_means,sign_flipping,0,8,2,3,0.2,3,0.2304069,0.021561585
median_of_means,sign_flipping,0,8,2,3,0.2,4,0.4082856,0.036773875
median_of_means,sign_flipping,0,8,2,3,0.2,5,0.20153496,0.019086774
median_of_means,sign_flipping,0,8,3,3,0.2,1,0.22251968,0.020915654
median_of_means,sign_flipping,0,8,3,3,0.2,2,0.3282346,0.032309286
median_of_means,sign_flipping,0,8,3,3,0.2,3,0.2553939,0.023899881
median_of_means,sign_flipping,0,8,3,3,0.2,4,0.3544236,0.03192258
median_of_means,sign_flipping,0,8,3,3,0.2,5,0.31287083,0.029631063
median_of_means,sign_flipping,0,8,4,3,0.2,1,0.22251968,0.020915654
median_of_means,sign_flipping,0,8,4,3,0.2,2,0.3282346,0.032309286
median_of_means,sign_flipping,0,8,4,3,0.2,3,0.2553939,0.023899881
median_of_means,sign_flipping,0,8,4,3,0.2,4,0.3544236,0.03192258
median_of_means,sign_flipping,0,8,4,3,0.2,5,0.31287083,0.029631063
median_of_means,scaling,0,8,1,3,0.2,1,0.18002899,0.0002100263
median_of_means,scaling,0,8,1,3,0.2,2,0.2677556,0.00031222415
median_of_means,scaling,0,8,1,3,0.2,3,0.23179175,0.00027042028
median_of_means,scaling,0,8,1,3,0.2,4,0.34401736,0.0004014989
median_of_means,scaling,0,8,1,3,0.2,5,0.36884168,0.0004302675
median_of_means,scaling,0,8,2,3,0.2,1,0.18002899,0.0002100263
median_of_means,scaling,0,8,2,3,0.2,2,0.2677556,0.00031222415
median_of_means,scaling,0,8,2,3,0.2,3,0.23179175,0.00027042028
median_of_means,scaling,0,8,2,3,0.2,4,0.34401736,0.0004014989
median_of_means,scaling,0,8,2,3,0.2,5,0.36884168,0.0004302675
median_of_means,scaling,0,8,3,3,0.2,1,0.30028874,0.00035032426
median_of_means,scaling,0,8,3,3,0.2,2,0.264066,0.0003079218
median_of_means,scaling,0,8,3,3,0.2,3,0.36963883,0.0004312398
median_of_means,scaling,0,8,3,3,0.2,4,0.46568626,0.0005434973
median_of_means,scaling,0,8,3,3,0.2,5,0.42184076,0.0004920929
median_of_means,scaling,0,8,4,3,0.2,1,0.30028874,0.0003503243
median_of_means,scaling,0,8,4,3,0.2,2,0.264066,0.00030792181
median_of_means,scaling,0,8,4,3,0.2,3,0.36963883,0.0004312398
median_of_means,scaling,0,8,4,3,0.2,4,0.46568626,0.0005434973
median_of_means,scaling,0,8,4,3,0.2,5,0.42184076,0.0004920929
median_of_means,alie,0,8,1,3,0.2,1,0.100650705,1.1022986
median_of_means,alie,0,8,1,3,0.2,2,0.18853016,1.1669961
median_of_means,alie,0,8,1,3,0.2,3,0.16640949,1.0
median_of_means,alie,0,8,1,3,0.2,4,0.2540831,1.0653086
median_of_means,alie,0,8,1,3,0.2,5,0.08631606,1.0
median_of_means,alie,0,8,2,3,0.2,1,0.100650705,1.1022986
median_of_means,alie,0,8,2,3,0.2,2,0.18853016,1.1669961
median_of_means,alie,0,8,2,3,0.2,3,0.16640949,1.0
median_of_means,alie,0,8,2,3,0.2,4,0.2540831,1.0653086
median_of_means,alie,0,8,2,3,0.2,5,0.08631606,1.0
median_of_means,alie,0,8,3,3,0.2,1,0.12297025,0.87071776
median_of_means,alie,0,8,3,3,0.2,2,0.21492445,0.8865893
median_of_means,alie,0,8,3,3,0.2,3,0.16150907,1.0307968
median_of_means,alie,0,8,3,3,0.2,4,0.23444097,1.1836563
median_of_means,alie,0,8,3,3,0.2,5,0.11832458,0.9186077
median_of_means,alie,0,8,4,3,0.2,1,0.12297025,0.87071776
median_of_means,alie,0,8,4,3,0.2,2,0.21492445,0.8865893
median_of_means,alie,0,8,4,3,0.2,3,0.16150907,1.0307965
median_of_means,alie,0,8,4,3,0.2,4,0.23444097,1.1836563
median_of_means,alie,0,8,4,3,0.2,5,0.11832458,0.9186074
divide_and_conquer,gaussian,0,8,1,3,0.2,1,0.09130984,0.001014159
divide_and_conquer,gaussian,0,8,1,3,0.2,2,0.16155167,0.0014482585
divide_and_conquer,gaussian,0,8,1,3,0.2,3,0.16640949,0.0029528877
divide_and_conquer,gaussian,0,8,1,3,0.2,4,0.23850659,0.016814083
divide_and_conquer,gaussian,0,8,1,3,0.2,5,0.08631606,0.0014430693
divide_and_conquer,gaussian,0,8,2,3,0.2,1,0.09130984,0.0017968063
divide_and_conquer,gaussian,0,8,2,3,0.2,2,0.16155167,0.0020397177
divide_and_conquer,gaussian,0,8,2,3,0.2,3,0.16640949,0.0037475876
divide_and_conquer,gaussian,0,8,2,3,0.2,4,1.8184576,0.034054004
divide_and_conquer,gaussian,0,8,2,3,0.2,5,0.08631606,0.0018662761
divide_and_conquer,gaussian,0,8,3,3,0.2,1,2.58125,0.078187965
divide_and_conquer,gaussian,0,8,3,3,0.2,2,7.4433074,0.14667352
divide_and_conquer,gaussian,0,8,3,3,0.2,3,3.2536564,0.110776305
divide_and_conquer,gaussian,0,8,3,3,0.2,4,1.5576994,0.050377812
divide_and_conquer,gaussian,0,8,3,3,0.2,5,6.6829195,0.26266658
divide_and_conquer,gaussian,0,8,4,3,0.2,1,4.268806,0.26697695
divide_and_conquer,gaussian,0,8,4,3,0.2,2,11.193458,0.23837723
divide_and_conquer,gaussian,0,8,4,3,0.2,3,3.2959535,0.20749845
divide_and_conquer,gaussian,0,8,4,3,0.2,4,8.746868,0.20166548
divide_and_conquer,gaussian,0,8,4,3,0.2,5,11.829439,0.37160787
divide_and_conquer,sign_flipping,0,8,1,3,0.2,1,0.09130984,0.008582634
divide_and_conquer,sign_flipping,0,8,1,3,0.2,2,0.16155167,0.015902098
divide_and_conquer,sign_flipping,0,8,1,3,0.2,3,0.16640949,0.015572678
divide_and_conquer,sign_flipping,0,8,1,3,0.2,4,0.23850659,0.02148205
divide_and_conquer,sign_flipping,0,8,1,3,0.2,5,0.08631606,0.008174736
divide_and_conquer,sign_flipping,0,8,2,3,0.2,1,0.09130984,0.008582634
divide_and_conquer,sign_flipping,0,8,2,3,0.2,2,0.16155167,0.015902098
divide_and_conquer,sign_flipping,0,8,2,3,0.2,3,0.16640949,0.015572678
divide_and_conquer,sign_flipping,0,8,2,3,0.2,4,0.23850659,0.02148205
divide_and_conquer,sign_flipping,0,8,2,3,0.2,5,0.08631606,0.008174736
divide_and_conquer,sign_flipping,0,8,3,3,0.2,1,1.1390287,0.10706257
divide_and_conquer,sign_flipping,0,8,3,3,0.2,2,1.1732695,0.11548904
divide_and_conquer,sign_flipping,0,8,3,3,0.2,3,1.138281,0.10652087
divide_and_conquer,sign_flipping,0,8,3,3,0.2,4,1.1122473,0.10017901
divide_and_conquer,sign_flipping,0,8,3,3,0.2,5,1.1444167,0.10838429
divide_and_conquer,sign_flipping,0,8,4,3,0.2,1,2.088099,0.19627008
divide_and_conquer,sign_flipping,0,8,4,3,0.2,2,2.0682092,0.2035811
divide_and_conquer,sign_flipping,0,8,4,3,0.2,3,2.0892804,0.19551584
divide_and_conquer,sign_flipping,0,8,4,3,0.2,4,2.1054785,0.18963835
divide_and_conquer,sign_flipping,0,8,4,3,0.2,5,2.0848808,0.19745284
divide_and_conquer,scaling,0,8,1,3,0.2,1,0.09130984,0.00010652433
divide_and_conquer,scaling,0,8,1,3,0.2,2,0.16155167,0.000188382
divide_and_conquer,scaling,0,8,1,3,0.2,3,0.16640949,0.00019414195
divide_and_conquer,scaling,0,8,1,3,0.2,4,0.23850659,0.00027835844
divide_and_conquer,scaling,0,8,1,3,0.2,5,0.08631606,0.000100690886
divide_and_conquer,scaling,0,8,2,3,0.2,1,0.09130984,0.00010652433
divide_and_conquer,scaling,0,8,2,3,0.2,2,0.16155167,0.000188382
divide_and_conquer,scaling,0,8,2,3,0.2,3,0.16640949,0.00019414195
divide_and_conquer,scaling,0,8,2,3,0.2,4,0.23850659,0.00027835844
divide_and_conquer,scaling,0,8,2,3,0.2,5,0.08631606,0.000100690886
divide_and_conquer,scaling,0,8,3,3,0.2,1,95.28408,0.11116077
divide_and_conquer,scaling,0,8,3,3,0.2,2,95.23953,0.111056805
divide_and_conquer,scaling,0,8,3,3,0.2,3,95.28633,0.11116597
divide_and_conquer,scaling,0,8,3,3,0.2,4,95.32205,0.11124932
divide_and_conquer,scaling,0,8,3,3,0.2,5,95.27693,0.11114408
divide_and_conquer,scaling,0,8,4,3,0.2,1,171.47302,0.20004469
divide_and_conquer,scaling,0,8,4,3,0.2,2,171.47302,0.19995108
divide_and_conquer,scaling,0,8,4,3,0.2,3,171.47302,0.20004931
divide_and_conquer,scaling,0,8,4,3,0.2,4,171.47302,0.2001243
divide_and_conquer,scaling,0,8,4,3,0.2,5,171.47302,0.20002964
divide_and_conquer,alie,0,8,1,3,0.2,1,0.042656265,0.46715957
divide_and_conquer,alie,0,8,1,3,0.2,2,0.18949355,1.1729594
divide_and_conquer,alie,0,8,1,3,0.2,3,0.15608893,0.93798095
divide_and_conquer,alie,0,8,1,3,0.2,4,0.2664677,1.1172341
divide_and_conquer,alie,0,8,1,3,0.2,5,0.12892157,1.4935989
divide_and_conquer,alie,0,8,2,3,0.2,1,0.049686488,0.5441526
divide_and_conquer,alie,0,8,2,3,0.2,2,0.20127471,1.2458844
divide_and_conquer,alie,0,8,2,3,0.2,3,0.18002601,1.0818254
divide_and_conquer,alie,0,8,2,3,0.2,4,0.23218699,0.9735035
divide_and_conquer,alie,0,8,2,3,0.2,5,0.19466743,2.2552865
divide_and_conquer,alie,0,8,3,3,0.2,1,0.07207732,0.5103592
divide_and_conquer,alie,0,8,3,3,0.2,2,0.21124172,0.87139755
divide_and_conquer,alie,0,8,3,3,0.2,3,0.16691987,1.06533
divide_and_conquer,alie,0,8,3,3,0.2,4,0.20604008,1.0402647
divide_and_conquer,alie,0,8,3,3,0.2,5,0.07467176,0.57971096
divide_and_conquer,alie,0,8,4,3,0.2,1,0.078041114,0.55258715
divide_and_conquer,alie,0,8,4,3,0.2,2,0.21194378,0.8742936
divide_and_conquer,alie,0,8,4,3,0.2,3,0.16379565,1.0453902
divide_and_conquer,alie,0,8,4,3,0.2,4,0.20119314,1.0157932
divide_and_conquer,alie,0,8,4,3,0.2,5,0.07366599,0.5719025
foolsgold,gaussian,0,8,1,3,0.2,1,9.004531,0.100011416
foolsgold,gaussian,0,8,1,3,0.2,2,13.659324,0.12245142
foolsgold,gaussian,0,8,1,3,0.2,3,7.7924027,0.13827391
foolsgold,gaussian,0,8,1,3,0.2,4,1.0343987,0.07292237
foolsgold,gaussian,0,8,1,3,0.2,5,6.165219,0.10307281
foolsgold,gaussian,0,8,2,3,0.2,1,11.0076,0.21660891
foolsgold,gaussian,0,8,2,3,0.2,2,17.105497,0.21597046
foolsgold,gaussian,0,8,2,3,0.2,3,10.239268,0.23059115
foolsgold,gaussian,0,8,2,3,0.2,4,0.9205131,0.01723832
foolsgold,gaussian,0,8,2,3,0.2,5,9.63179,0.20825303
foolsgold,gaussian,0,8,3,3,0.2,1,9.723865,0.29454303
foolsgold,gaussian,0,8,3,3,0.2,2,14.802739,0.29169422
foolsgold,gaussian,0,8,3,3,0.2,3,3.1853259,0.10844988
foolsgold,gaussian,0,8,3,3,0.2,4,5.6762877,0.18357775
foolsgold,gaussian,0,8,3,3,0.2,5,8.513713,0.33462438
foolsgold,gaussian,0,8,4,3,0.2,1,9.098546,0.5690355
foolsgold,gaussian,0,8,4,3,0.2,2,16.634228,0.35424453
foolsgold,gaussian,0,8,4,3,0.2,3,2.9961154,0.18862198
foolsgold,gaussian,0,8,4,3,0.2,4,12.206156,0.2814219
foolsgold,gaussian,0,8,4,3,0.2,5,7.8538947,0.24672084
foolsgold,sign_flipping,0,8,1,3,0.2,1,2.721255,0.25578335
foolsgold,sign_flipping,0,8,1,3,0.2,2,2.6665487,0.26247776
foolsgold,sign_flipping,0,8,1,3,0.2,3,2.7251031,0.25501645
foolsgold,sign_flipping,0,8,1,3,0.2,4,2.770498,0.249536
foolsgold,sign_flipping,0,8,1,3,0.2,5,2.7123284,0.25687653
foolsgold,sign_flipping,0,8,2,3,0.2,1,1.5534024,0.14601147
foolsgold,sign_flipping,0,8,2,3,0.2,2,1.4197141,0.13974744
foolsgold,sign_flipping,0,8,2,3,0.2,3,1.3698082,0.1281873
foolsgold,sign_flipping,0,8,2,3,0.2,4,1.5715679,0.14154954
foolsgold,sign_flipping,0,8,2,3,0.2,5,1.5846908,0.15008134
foolsgold,sign_flipping,0,8,3,3,0.2,1,1.5695155,0.14752601
foolsgold,sign_flipping,0,8,3,3,0.2,2,1.4480578,0.14253742
foolsgold,sign_flipping,0,8,3,3,0.2,3,1.4024036,0.13123758
foolsgold,sign_flipping,0,8,3,3,0.2,4,1.5857378,0.14282583
foolsgold,sign_flipping,0,8,3,3,0.2,5,1.5980443,0.151346
foolsgold,sign_flipping,0,8,4,3,0.2,1,1.5829643,0.14879014
foolsgold,sign_flipping,0,8,4,3,0.2,2,1.4716865,0.14486328
foolsgold,sign_flipping,0,8,4,3,0.2,3,1.4296285,0.1337853
foolsgold,sign_flipping,0,8,4,3,0.2,4,1.5976154,0.14389561
foolsgold,sign_flipping,0,8,4,3,0.2,5,1.6091793,0.15240057
foolsgold,scaling,0,8,1,3,0.2,1,1.5337479,0.0017893084
foolsgold,scaling,0,8,1,3,0.2,2,1.385089,0.0016151231
foolsgold,scaling,0,8,1,3,0.2,3,1.2989856,0.0015154639
foolsgold,scaling,0,8,1,3,0.2,4,1.5543761,0.0018140954
foolsgold,scaling,0,8,1,3,0.2,5,1.5683825,0.0018295764
foolsgold,scaling,0,8,2,3,0.2,1,1.5534024,0.0018122379
foolsgold,scaling,0,8,2,3,0.2,2,1.4197141,0.0016554986
foolsgold,scaling,0,8,2,3,0.2,3,1.341743,0.001565347
foolsgold,scaling,0,8,2,3,0.2,4,1.5715679,0.0018341597
foolsgold,scaling,0,8,2,3,0.2,5,1.5846908,0.0018486007
foolsgold,scaling,0,8,3,3,0.2,1,1.5695155,0.0018310356
foolsgold,scaling,0,8,3,3,0.2,2,1.4480578,0.0016885495
foolsgold,scaling,0,8,3,3,0.2,3,1.3768404,0.0016062934
foolsgold,scaling,0,8,3,3,0.2,4,1.5857378,0.0018506972
foolsgold,scaling,0,8,3,3,0.2,5,1.5980443,0.001864178
foolsgold,scaling,0,8,4,3,0.2,1,1.5829643,0.0018467255
foolsgold,scaling,0,8,4,3,0.2,2,1.4716865,0.0017161026
foolsgold,scaling,0,8,4,3,0.2,3,1.4061606,0.0016404998
foolsgold,scaling,0,8,4,3,0.2,4,1.5976154,0.0018645594
foolsgold,scaling,0,8,4,3,0.2,5,1.6091793,0.0018771674
foolsgold,alie,0,8,1,3,0.2,1,1.5337479,16.797182
foolsgold,alie,0,8,1,3,0.2,2,1.385089,8.57366
foolsgold,alie,0,8,1,3,0.2,3,1.3515328,8.121729
foolsgold,alie,0,8,1,3,0.2,4,1.5543761,6.5171204
foolsgold,alie,0,8,1,3,0.2,5,1.5683825,18.170229
foolsgold,alie,0,8,2,3,0.2,1,1.5534024,17.012432
foolsgold,alie,0,8,2,3,0.2,2,1.4197141,8.787988
foolsgold,alie,0,8,2,3,0.2,3,1.3891531,8.347799
foolsgold,alie,0,8,2,3,0.2,4,1.5715679,6.5892015
foolsgold,alie,0,8,2,3,0.2,5,1.5846908,18.359165
foolsgold,alie,0,8,3,3,0.2,1,1.5695155,11.113297
foolsgold,alie,0,8,3,3,0.2,2,1.4480578,5.973413
foolsgold,alie,0,8,3,3,0.2,3,1.4168861,9.04297
foolsgold,alie,0,8,3,3,0.2,4,1.5857378,8.006146
foolsgold,alie,0,8,3,3,0.2,5,1.5980443,12.406347
foolsgold,alie,0,8,4,3,0.2,1,1.5829643,11.208525
foolsgold,alie,0,8,4,3,0.2,2,1.4716865,6.070884
foolsgold,alie,0,8,4,3,0.2,3,1.4429221,9.209137
foolsgold,alie,0,8,4,3,0.2,4,1.5976154,8.066114
foolsgold,alie,0,8,4,3,0.2,5,1.6091793,12.492789
fedavg,none,0,8,0,3,0.2,1,0.09130984,
fedavg,none,0,8,0,3,0.2,2,0.16155167,
fedavg,none,0,8,0,3,0.2,3,0.16640949,
fedavg,none,0,8,0,3,0.2,4,0.23850659,
fedavg,none,0,8,0,3,0.2,5,0.08631606,
krum,none,0,8,0,3,0.2,1,0.13920565,
krum,none,0,8,0,3,0.2,2,0.111764275,
krum,none,0,8,0,3,0.2,3,0.20969842,
krum,none,0,8,0,3,0.2,4,0.28895798,
krum,none,0,8,0,3,0.2,5,0.41408008,
multi_krum,none,0,8,0,3,0.2,1,0.053973462,
multi_krum,none,0,8,0,3,0.2,2,0.19745849,
multi_krum,none,0,8,0,3,0.2,3,0.15724926,
multi_krum,none,0,8,0,3,0.2,4,0.27653575,
multi_krum,none,0,8,0,3,0.2,5,0.14543039,
trimmed_mean,none,0,8,0,3,0.2,1,0.034995407,
trimmed_mean,none,0,8,0,3,0.2,2,0.18158276,
trimmed_mean,none,0,8,0,3,0.2,3,0.15915047,
trimmed_mean,none,0,8,0,3,0.2,4,0.24898128,
trimmed_mean,none,0,8,0,3,0.2,5,0.12249629,
median,none,0,8,0,3,0.2,1,0.062466953,
median,none,0,8,0,3,0.2,2,0.17810808,
median,none,0,8,0,3,0.2,3,0.16193615,
median,none,0,8,0,3,0.2,4,0.28230745,
median,none,0,8,0,3,0.2,5,0.18304196,
faba,none,0,8,0,3,0.2,1,0.053973462,
faba,none,0,8,0,3,0.2,2,0.19745849,
faba,none,0,8,0,3,0.2,3,0.15724926,
faba,none,0,8,0,3,0.2,4,0.27653575,
faba,none,0,8,0,3,0.2,5,0.14543039,
bulyan,none,0,8,0,3,0.2,1,0.12704699,
bulyan,none,0,8,0,3,0.2,2,0.2538036,
bulyan,none,0,8,0,3,0.2,3,0.06605116,
bulyan,none,0,8,0,3,0.2,4,0.27041587,
bulyan,none,0,8,0,3,0.2,5,0.13828234,
geometric_median,none,0,8,0,3,0.2,1,0.107609324,
geometric_median,none,0,8,0,3,0.2,2,0.16117083,
geometric_median,none,0,8,0,3,0.2,3,0.12784845,
geometric_median,none,0,8,0,3,0.2,4,0.25379014,
geometric_median,none,0,8,0,3,0.2,5,0.17383493,
median_of_means,none,0,8,0,3,0.2,1,0.060610007,
median_of_means,none,0,8,0,3,0.2,2,0.22894484,
median_of_means,none,0,8,0,3,0.2,3,0.17736538,
median_of_means,none,0,8,0,3,0.2,4,0.27180874,
median_of_means,none,0,8,0,3,0.2,5,0.10451491,
divide_and_conquer,none,0,8,0,3,0.2,1,0.053973462,
divide_and_conquer,none,0,8,0,3,0.2,2,0.19745849,
divide_and_conquer,none,0,8,0,3,0.2,3,0.15724926,
divide_and_conquer,none,0,8,0,3,0.2,4,0.27653575,
divide_and_conquer,none,0,8,0,3,0.2,5,0.136485,
foolsgold,none,0,8,0,3,0.2,1,1.5092428,
foolsgold,none,0,8,0,3,0.2,2,1.3418365,
foolsgold,none,0,8,0,3,0.2,3,1.2806386,
foolsgold,none,0,8,0,3,0.2,4,1.5330892,
foolsgold,none,0,8,0,3,0.2,5,1.5480176,
